,Date:,8/15/2021,,,,,,,,,,,,,,,,,,,,,,,,,,,,,,,,,,,,,,,,,,,,,,,,,,,,,,,,,,,,,,,,,,,,,,,,,,,,,,,,,,,,,,,,,,,,,,,,,,,,,,,,,,,,,,,,,,,,,,,,,,,,,,,,,,,,,,,,,,,,,,,,,,,,,,,,,,,,,,,,,,,,,,,,,,,,,,,,,,,,,,,,,,,,,,,,,,,,,,,,,,,,,,,,,,,,,,,,,,,,,,,,,,,,,,,,,,,,,,,,,,,,,,,,,,,,,,,,,,,,,,,,,,,,,,,,,,,,,,,,,,,,,,,,,,,,,,,,,,,,,,,,,,,,,,,,,,,,,,,,,,,,,,,,,,,,,,,,,,,,,,,,,,,,,,,,,,,,,,,,,,,,,,,,,,,,,,,,,,,,,,,,,,,,,,,,,,,,,,,,,,,,,,,,,,,,,,,,,,,,,,,,,,,,,,,,,,,,,,,
,Start Time:,8:59:46,,,,,,,,,,,,,,,,,,,,,,,,,,,,,,,,,,,,,,,,,,,,,,,,,,,,,,,,,,,,,,,,,,,,,,,,,,,,,,,,,,,,,,,,,,,,,,,,,,,,,,,,,,,,,,,,,,,,,,,,,,,,,,,,,,,,,,,,,,,,,,,,,,,,,,,,,,,,,,,,,,,,,,,,,,,,,,,,,,,,,,,,,,,,,,,,,,,,,,,,,,,,,,,,,,,,,,,,,,,,,,,,,,,,,,,,,,,,,,,,,,,,,,,,,,,,,,,,,,,,,,,,,,,,,,,,,,,,,,,,,,,,,,,,,,,,,,,,,,,,,,,,,,,,,,,,,,,,,,,,,,,,,,,,,,,,,,,,,,,,,,,,,,,,,,,,,,,,,,,,,,,,,,,,,,,,,,,,,,,,,,,,,,,,,,,,,,,,,,,,,,,,,,,,,,,,,,,,,,,,,,,,,,,,,,,,,,,,,,,
,Unix Start Time:,1629032386,,,,,,,,,,,,,,,,,,,,,,,,,,,,,,,,,,,,,,,,,,,,,,,,,,,,,,,,,,,,,,,,,,,,,,,,,,,,,,,,,,,,,,,,,,,,,,,,,,,,,,,,,,,,,,,,,,,,,,,,,,,,,,,,,,,,,,,,,,,,,,,,,,,,,,,,,,,,,,,,,,,,,,,,,,,,,,,,,,,,,,,,,,,,,,,,,,,,,,,,,,,,,,,,,,,,,,,,,,,,,,,,,,,,,,,,,,,,,,,,,,,,,,,,,,,,,,,,,,,,,,,,,,,,,,,,,,,,,,,,,,,,,,,,,,,,,,,,,,,,,,,,,,,,,,,,,,,,,,,,,,,,,,,,,,,,,,,,,,,,,,,,,,,,,,,,,,,,,,,,,,,,,,,,,,,,,,,,,,,,,,,,,,,,,,,,,,,,,,,,,,,,,,,,,,,,,,,,,,,,,,,,,,,,,,,,,,,,,,,
,Duration:,8426,,,,,,,,,,,,,,,,,,,,,,,,,,,,,,,,,,,,,,,,,,,,,,,,,,,,,,,,,,,,,,,,,,,,,,,,,,,,,,,,,,,,,,,,,,,,,,,,,,,,,,,,,,,,,,,,,,,,,,,,,,,,,,,,,,,,,,,,,,,,,,,,,,,,,,,,,,,,,,,,,,,,,,,,,,,,,,,,,,,,,,,,,,,,,,,,,,,,,,,,,,,,,,,,,,,,,,,,,,,,,,,,,,,,,,,,,,,,,,,,,,,,,,,,,,,,,,,,,,,,,,,,,,,,,,,,,,,,,,,,,,,,,,,,,,,,,,,,,,,,,,,,,,,,,,,,,,,,,,,,,,,,,,,,,,,,,,,,,,,,,,,,,,,,,,,,,,,,,,,,,,,,,,,,,,,,,,,,,,,,,,,,,,,,,,,,,,,,,,,,,,,,,,,,,,,,,,,,,,,,,,,,,,,,,,,,,,,,,,,
,Num Players:,18,,,,,,,,,,,,,,,,,,,,,,,,,,,,,,,,,,,,,,,,,,,,,,,,,,,,,,,,,,,,,,,,,,,,,,,,,,,,,,,,,,,,,,,,,,,,,,,,,,,,,,,,,,,,,,,,,,,,,,,,,,,,,,,,,,,,,,,,,,,,,,,,,,,,,,,,,,,,,,,,,,,,,,,,,,,,,,,,,,,,,,,,,,,,,,,,,,,,,,,,,,,,,,,,,,,,,,,,,,,,,,,,,,,,,,,,,,,,,,,,,,,,,,,,,,,,,,,,,,,,,,,,,,,,,,,,,,,,,,,,,,,,,,,,,,,,,,,,,,,,,,,,,,,,,,,,,,,,,,,,,,,,,,,,,,,,,,,,,,,,,,,,,,,,,,,,,,,,,,,,,,,,,,,,,,,,,,,,,,,,,,,,,,,,,,,,,,,,,,,,,,,,,,,,,,,,,,,,,,,,,,,,,,,,,,,,,,,,,,,
,Num Periods:,4,,,,,,,,,,,,,,,,,,,,,,,,,,,,,,,,,,,,,,,,,,,,,,,,,,,,,,,,,,,,,,,,,,,,,,,,,,,,,,,,,,,,,,,,,,,,,,,,,,,,,,,,,,,,,,,,,,,,,,,,,,,,,,,,,,,,,,,,,,,,,,,,,,,,,,,,,,,,,,,,,,,,,,,,,,,,,,,,,,,,,,,,,,,,,,,,,,,,,,,,,,,,,,,,,,,,,,,,,,,,,,,,,,,,,,,,,,,,,,,,,,,,,,,,,,,,,,,,,,,,,,,,,,,,,,,,,,,,,,,,,,,,,,,,,,,,,,,,,,,,,,,,,,,,,,,,,,,,,,,,,,,,,,,,,,,,,,,,,,,,,,,,,,,,,,,,,,,,,,,,,,,,,,,,,,,,,,,,,,,,,,,,,,,,,,,,,,,,,,,,,,,,,,,,,,,,,,,,,,,,,,,,,,,,,,,,,,,,,,,
,Num Parameters:,438,,,,,,,,,,,,,,,,,,,,,,,,,,,,,,,,,,,,,,,,,,,,,,,,,,,,,,,,,,,,,,,,,,,,,,,,,,,,,,,,,,,,,,,,,,,,,,,,,,,,,,,,,,,,,,,,,,,,,,,,,,,,,,,,,,,,,,,,,,,,,,,,,,,,,,,,,,,,,,,,,,,,,,,,,,,,,,,,,,,,,,,,,,,,,,,,,,,,,,,,,,,,,,,,,,,,,,,,,,,,,,,,,,,,,,,,,,,,,,,,,,,,,,,,,,,,,,,,,,,,,,,,,,,,,,,,,,,,,,,,,,,,,,,,,,,,,,,,,,,,,,,,,,,,,,,,,,,,,,,,,,,,,,,,,,,,,,,,,,,,,,,,,,,,,,,,,,,,,,,,,,,,,,,,,,,,,,,,,,,,,,,,,,,,,,,,,,,,,,,,,,,,,,,,,,,,,,,,,,,,,,,,,,,,,,,,,,,,,,,
,Logo Path:,https://clprototype.s3.amazonaws.com/9f47f75697cef66b03533f600be2b916dd09b3de.png?X-Amz-Content-Sha256=UNSIGNED-PAYLOAD&X-Amz-Algorithm=AWS4-HMAC-SHA256&X-Amz-Credential=AKIAWE24RTRBE46FX3JB%2F20220616%2Fus-east-1%2Fs3%2Faws4_request&X-Amz-Date=20220616T181116Z&X-Amz-SignedHeaders=host&X-Amz-Expires=-1654798276&X-Amz-Signature=e13f5afe4655265beebe5794cc43e8368a9b3c52c04355b7bbbd4ac8bd09ff34,,,,,,,,,,,,,,,,,,,,,,,,,,,,,,,,,,,,,,,,,,,,,,,,,,,,,,,,,,,,,,,,,,,,,,,,,,,,,,,,,,,,,,,,,,,,,,,,,,,,,,,,,,,,,,,,,,,,,,,,,,,,,,,,,,,,,,,,,,,,,,,,,,,,,,,,,,,,,,,,,,,,,,,,,,,,,,,,,,,,,,,,,,,,,,,,,,,,,,,,,,,,,,,,,,,,,,,,,,,,,,,,,,,,,,,,,,,,,,,,,,,,,,,,,,,,,,,,,,,,,,,,,,,,,,,,,,,,,,,,,,,,,,,,,,,,,,,,,,,,,,,,,,,,,,,,,,,,,,,,,,,,,,,,,,,,,,,,,,,,,,,,,,,,,,,,,,,,,,,,,,,,,,,,,,,,,,,,,,,,,,,,,,,,,,,,,,,,,,,,,,,,,,,,,,,,,,,,,,,,,,,,,,,,,,,,,,,,,,,
,,,,,,,,,,,,,,,,,,,,,,,,,,,,,,,,,,,,,,,,,,,,,,,,,,,,,,,,,,,,,,,,,,,,,,,,,,,,,,,,,,,,,,,,,,,,,,,,,,,,,,,,,,,,,,,,,,,,,,,,,,,,,,,,,,,,,,,,,,,,,,,,,,,,,,,,,,,,,,,,,,,,,,,,,,,,,,,,,,,,,,,,,,,,,,,,,,,,,,,,,,,,,,,,,,,,,,,,,,,,,,,,,,,,,,,,,,,,,,,,,,,,,,,,,,,,,,,,,,,,,,,,,,,,,,,,,,,,,,,,,,,,,,,,,,,,,,,,,,,,,,,,,,,,,,,,,,,,,,,,,,,,,,,,,,,,,,,,,,,,,,,,,,,,,,,,,,,,,,,,,,,,,,,,,,,,,,,,,,,,,,,,,,,,,,,,,,,,,,,,,,,,,,,,,,,,,,,,,,,,,,,,,,,,,,,,,,,,,,,,,
UniqueID,Player Name,Period Name,Period Number,Date,Position,Start Time,End Time,Unix Start Time,Unix End Time,Duration,Field Time,Bench Time,Odometer,Player Load,Player Load (2d),Player Load (slow),Player Load (1d Fwd),Player Load (1d Side),Player Load (1d Up),Player Load (1d Fwd) %,Player Load (1d Side) %,Player Load (1d Up) %,Player Load / Min,Player Load / Metre,Meterage / Min,Max Hr,Min Hr,Mean Hr,Max Velocity,Exertion Index,E.i. Per Min,Hr Exertion Index,Hr E.i. Per Min,Hr E.i. Per Metre,High Intensity Running %,High Intensity Accels,High Intensity Decels,Player Load High Efforts,Odometer Zones 2+,Rest Time,Work:rest Ratio,Peak Player Load,Vel Zone 1 Dist,Vel Zone 2 Dist,Vel Zone 3 Dist,Vel Zone 4 Dist,Vel Zone 5 Dist,Vel Zone 6 Dist,Vel Zone 7 Dist,Vel Zone 8 Dist,Vel Zone 1 Dist %,Vel Zone 2 Dist %,Vel Zone 3 Dist %,Vel Zone 4 Dist %,Vel Zone 5 Dist %,Vel Zone 6 Dist %,Vel Zone 7 Dist %,Vel Zone 8 Dist %,Vel Zone 1 Time,Vel Zone 2 Time,Vel Zone 3 Time,Vel Zone 4 Time,Vel Zone 5 Time,Vel Zone 6 Time,Vel Zone 7 Time,Vel Zone 8 Time,Vel Zone 1 Time %,Vel Zone 2 Time %,Vel Zone 3 Time %,Vel Zone 4 Time %,Vel Zone 5 Time %,Vel Zone 6 Time %,Vel Zone 7 Time %,Vel Zone 8 Time %,Vel Zone 1 Efforts,Vel Zone 2 Efforts,Vel Zone 3 Efforts,Vel Zone 4 Efforts,Vel Zone 5 Efforts,Vel Zone 6 Efforts,Vel Zone 7 Efforts,Vel Zone 8 Efforts,Vel Zone 1 Avg Effort Dist,Vel Zone 2 Avg Effort Dist,Vel Zone 3 Avg Effort Dist,Vel Zone 4 Avg Effort Dist,Vel Zone 5 Avg Effort Dist,Vel Zone 6 Avg Effort Dist,Vel Zone 7 Avg Effort Dist,Vel Zone 8 Avg Effort Dist,Vel Zone 1 Avg Effort Time,Vel Zone 2 Avg Effort Time,Vel Zone 3 Avg Effort Time,Vel Zone 4 Avg Effort Time,Vel Zone 5 Avg Effort Time,Vel Zone 6 Avg Effort Time,Vel Zone 7 Avg Effort Time,Vel Zone 8 Avg Effort Time,Vel Zone 1 Min Effort Dist,Vel Zone 2 Min Effort Dist,Vel Zone 3 Min Effort Dist,Vel Zone 4 Min Effort Dist,Vel Zone 5 Min Effort Dist,Vel Zone 6 Min Effort Dist,Vel Zone 7 Min Effort Dist,Vel Zone 8 Min Effort Dist,Vel Zone 1 Min Effort Time,Vel Zone 2 Min Effort Time,Vel Zone 3 Min Effort Time,Vel Zone 4 Min Effort Time,Vel Zone 5 Min Effort Time,Vel Zone 6 Min Effort Time,Vel Zone 7 Min Effort Time,Vel Zone 8 Min Effort Time,Vel Zone 1 Max Effort Dist,Vel Zone 2 Max Effort Dist,Vel Zone 3 Max Effort Dist,Vel Zone 4 Max Effort Dist,Vel Zone 5 Max Effort Dist,Vel Zone 6 Max Effort Dist,Vel Zone 7 Max Effort Dist,Vel Zone 8 Max Effort Dist,Vel Zone 1 Max Effort Time,Vel Zone 2 Max Effort Time,Vel Zone 3 Max Effort Time,Vel Zone 4 Max Effort Time,Vel Zone 5 Max Effort Time,Vel Zone 6 Max Effort Time,Vel Zone 7 Max Effort Time,Vel Zone 8 Max Effort Time,Vel Zone 1 Efforts 0-5m,Vel Zone 2 Efforts 0-5m,Vel Zone 3 Efforts 0-5m,Vel Zone 4 Efforts 0-5m,Vel Zone 5 Efforts 0-5m,Vel Zone 6 Efforts 0-5m,Vel Zone 7 Efforts 0-5m,Vel Zone 8 Efforts 0-5m,Vel Zone 1 Efforts 5-10m,Vel Zone 2 Efforts 5-10m,Vel Zone 3 Efforts 5-10m,Vel Zone 4 Efforts 5-10m,Vel Zone 5 Efforts 5-10m,Vel Zone 6 Efforts 5-10m,Vel Zone 7 Efforts 5-10m,Vel Zone 8 Efforts 5-10m,Vel Zone 1 Efforts 10-40m,Vel Zone 2 Efforts 10-40m,Vel Zone 3 Efforts 10-40m,Vel Zone 4 Efforts 10-40m,Vel Zone 5 Efforts 10-40m,Vel Zone 6 Efforts 10-40m,Vel Zone 7 Efforts 10-40m,Vel Zone 8 Efforts 10-40m,Vel Zone 1 Efforts 40m+,Vel Zone 2 Efforts 40m+,Vel Zone 3 Efforts 40m+,Vel Zone 4 Efforts 40m+,Vel Zone 5 Efforts 40m+,Vel Zone 6 Efforts 40m+,Vel Zone 7 Efforts 40m+,Vel Zone 8 Efforts 40m+,Start Accel Vel Zone 1 (0-1 M/s^2),Start Accel Vel Zone 2 (0-1 M/s^2),Start Accel Vel Zone 3 (0-1 M/s^2),Start Accel Vel Zone 4 (0-1 M/s^2),Start Accel Vel Zone 5 (0-1 M/s^2),Start Accel Vel Zone 6 (0-1 M/s^2),Start Accel Vel Zone 7 (0-1 M/s^2),Start Accel Vel Zone 8 (0-1 M/s^2),Start Accel Vel Zone 1 (1-2 M/s^2),Start Accel Vel Zone 2 (1-2 M/s^2),Start Accel Vel Zone 3 (1-2 M/s^2),Start Accel Vel Zone 4 (1-2 M/s^2),Start Accel Vel Zone 5 (1-2 M/s^2),Start Accel Vel Zone 6 (1-2 M/s^2),Start Accel Vel Zone 7 (1-2 M/s^2),Start Accel Vel Zone 8 (1-2 M/s^2),Start Accel Vel Zone 1 (2-4 M/s^2),Start Accel Vel Zone 2 (2-4 M/s^2),Start Accel Vel Zone 3 (2-4 M/s^2),Start Accel Vel Zone 4 (2-4 M/s^2),Start Accel Vel Zone 5 (2-4 M/s^2),Start Accel Vel Zone 6 (2-4 M/s^2),Start Accel Vel Zone 7 (2-4 M/s^2),Start Accel Vel Zone 8 (2-4 M/s^2),Start Accel Vel Zone 1 (4+ M/s^2),Start Accel Vel Zone 2 (4+ M/s^2),Start Accel Vel Zone 3 (4+ M/s^2),Start Accel Vel Zone 4 (4+ M/s^2),Start Accel Vel Zone 5 (4+ M/s^2),Start Accel Vel Zone 6 (4+ M/s^2),Start Accel Vel Zone 7 (4+ M/s^2),Start Accel Vel Zone 8 (4+ M/s^2),Rec Time Vel Zone 1 (0-0.5 Min),Rec Time Vel Zone 2 (0-0.5 Min),Rec Time Vel Zone 3 (0-0.5 Min),Rec Time Vel Zone 4 (0-0.5 Min),Rec Time Vel Zone 5 (0-0.5 Min),Rec Time Vel Zone 6 (0-0.5 Min),Rec Time Vel Zone 7 (0-0.5 Min),Rec Time Vel Zone 8 (0-0.5 Min),Rec Time Vel Zone 1 (0.5-1 Min),Rec Time Vel Zone 2 (0.5-1 Min),Rec Time Vel Zone 3 (0.5-1 Min),Rec Time Vel Zone 4 (0.5-1 Min),Rec Time Vel Zone 5 (0.5-1 Min),Rec Time Vel Zone 6 (0.5-1 Min),Rec Time Vel Zone 7 (0.5-1 Min),Rec Time Vel Zone 8 (0.5-1 Min),Rec Time Vel Zone 1 (1-2 Min),Rec Time Vel Zone 2 (1-2 Min),Rec Time Vel Zone 3 (1-2 Min),Rec Time Vel Zone 4 (1-2 Min),Rec Time Vel Zone 5 (1-2 Min),Rec Time Vel Zone 6 (1-2 Min),Rec Time Vel Zone 7 (1-2 Min),Rec Time Vel Zone 8 (1-2 Min),Rec Time Vel Zone 1 (2-5 Min),Rec Time Vel Zone 2 (2-5 Min),Rec Time Vel Zone 3 (2-5 Min),Rec Time Vel Zone 4 (2-5 Min),Rec Time Vel Zone 5 (2-5 Min),Rec Time Vel Zone 6 (2-5 Min),Rec Time Vel Zone 7 (2-5 Min),Rec Time Vel Zone 8 (2-5 Min),Rec Time Vel Zone 1 (5+ Min),Rec Time Vel Zone 2 (5+ Min),Rec Time Vel Zone 3 (5+ Min),Rec Time Vel Zone 4 (5+ Min),Rec Time Vel Zone 5 (5+ Min),Rec Time Vel Zone 6 (5+ Min),Rec Time Vel Zone 7 (5+ Min),Rec Time Vel Zone 8 (5+ Min),Acc. Zone 1 Efforts,Acc. Zone 2 Efforts,Acc. Zone 3 Efforts,Acc. Zone 4 Efforts,Acc. Zone 5 Efforts,Acc. Zone 6 Efforts,Acc. Zone 7 Efforts,Acc. Zone 8 Efforts,Acc. Zone 1 Dist,Acc. Zone 2 Dist,Acc. Zone 3 Dist,Acc. Zone 4 Dist,Acc. Zone 5 Dist,Acc. Zone 6 Dist,Acc. Zone 7 Dist,Acc. Zone 8 Dist,Acc. Zone 1 Dist %,Acc. Zone 2 Dist %,Acc. Zone 3 Dist %,Acc. Zone 4 Dist %,Acc. Zone 5 Dist %,Acc. Zone 6 Dist %,Acc. Zone 7 Dist %,Acc. Zone 8 Dist %,Acc. Zone 1 Time,Acc. Zone 2 Time,Acc. Zone 3 Time,Acc. Zone 4 Time,Acc. Zone 5 Time,Acc. Zone 6 Time,Acc. Zone 7 Time,Acc. Zone 8 Time,Acc. Zone 1 Time %,Acc. Zone 2 Time %,Acc. Zone 3 Time %,Acc. Zone 4 Time %,Acc. Zone 5 Time %,Acc. Zone 6 Time %,Acc. Zone 7 Time %,Acc. Zone 8 Time %,Hr Zone 1 Time,Hr Zone 2 Time,Hr Zone 3 Time,Hr Zone 4 Time,Hr Zone 5 Time,Hr Zone 6 Time,Hr Zone 7 Time,Hr Zone 8 Time,Hr Zone 1 Time %,Hr Zone 2 Time %,Hr Zone 3 Time %,Hr Zone 4 Time %,Hr Zone 5 Time %,Hr Zone 6 Time %,Hr Zone 7 Time %,Hr Zone 8 Time %,P.l. Zone 1,P.l. Zone 2,P.l. Zone 3,P.l. Zone 4,P.l. Zone 5,P.l. Zone 6,P.l. Zone 7,P.l. Zone 8,P.l. Zone 1 Time,P.l. Zone 2 Time,P.l. Zone 3 Time,P.l. Zone 4 Time,P.l. Zone 5 Time,P.l. Zone 6 Time,P.l. Zone 7 Time,P.l. Zone 8 Time,P.l. Zone 1 Time %,P.l. Zone 2 Time %,P.l. Zone 3 Time %,P.l. Zone 4 Time %,P.l. Zone 5 Time %,P.l. Zone 6 Time %,P.l. Zone 7 Time %,P.l. Zone 8 Time %,Tackle Zone 1 Count,Tackle Zone 2 Count,Tackle Zone 3 Count,Tackle Zone 4 Count,Tackle Zone 5 Count,Tackle Zone 6 Count,Tackle Zone 7 Count,Tackle Zone 8 Count,Tackle Zone 1 Avg Time,Tackle Zone 2 Avg Time,Tackle Zone 3 Avg Time,Tackle Zone 4 Avg Time,Tackle Zone 5 Avg Time,Tackle Zone 6 Avg Time,Tackle Zone 7 Avg Time,Tackle Zone 8 Avg Time,Rhie Total Bouts,Rhie Efforts Per Bout - Min,Rhie Efforts Per Bout - Mean,Rhie Efforts Per Bout - Max,Rhie Effort Duration - Min,Rhie Effort Duration - Mean,Rhie Effort Duration - Max,Rhie Effort Recovery - Min,Rhie Effort Recovery - Mean,Rhie Effort Recovery - Max,Rhie Bout Recovery - Min,Rhie Bout Recovery - Mean,Rhie Bout Recovery - Max,Ima Accel Low,Ima Accel Med,Ima Accel High,Ima Decel Low,Ima Decel Med,Ima Decel High,Ima Cod Left Low,Ima Cod Left Med,Ima Cod Left High,Ima Cod Right Low,Ima Cod Right Med,Ima Cod Right High,Ima Free Running Total Event Count,Ima Free Running Total Time,Ima Free Running Total Time %,Ima Free Running Mean Stride Rate,Ima Free Running Band 0-2.5 Event Count,Ima Free Running Band 0-2.5 Avg Stride Rate,Ima Free Running Band 2.5-5 Event Count,Ima Free Running Band 2.5-5 Avg Stride Rate,Ima Free Running Band 5+ Event Count,Ima Free Running Band 5+ Avg Stride Rate,Ima Jump Count Low Band,Ima Jump Count Med Band,Ima Jump Count High Band,Ima Events 1 O'clock Low,Ima Events 2 O'clock Low,Ima Events 3 O'clock Low,Ima Events 4 O'clock Low,Ima Events 5 O'clock Low,Ima Events 6 O'clock Low,Ima Events 7 O'clock Low,Ima Events 8 O'clock Low,Ima Events 9 O'clock Low,Ima Events 10 O'clock Low,Ima Events 11 O'clock Low,Ima Events 12 O'clock Low,Ima Events 1 O'clock Med,Ima Events 2 O'clock Med,Ima Events 3 O'clock Med,Ima Events 4 O'clock Med,Ima Events 5 O'clock Med,Ima Events 6 O'clock Med,Ima Events 7 O'clock Med,Ima Events 8 O'clock Med,Ima Events 9 O'clock Med,Ima Events 10 O'clock Med,Ima Events 11 O'clock Med,Ima Events 12 O'clock Med,Ima Events 1 O'clock High,Ima Events 2 O'clock High,Ima Events 3 O'clock High,Ima Events 4 O'clock High,Ima Events 5 O'clock High,Ima Events 6 O'clock High,Ima Events 7 O'clock High,Ima Events 8 O'clock High,Ima Events 9 O'clock High,Ima Events 10 O'clock High,Ima Events 11 O'clock High,Ima Events 12 O'clock High,Peak Meta. Power (w/kg),Meta. Energy (kj/kg),Meta. Energy (cal/kg),Estimated Dist,Edi,Meta. Power Zone 1 Time,Meta. Power Zone 2 Time,Meta. Power Zone 3 Time,Meta. Power Zone 4 Time,Meta. Power Zone 5 Time,Meta. Power Zone 6 Time,Meta. Power Zone 7 Time,Meta. Power Zone 8 Time,Meta. Power Zone 1 Time %,Meta. Power Zone 2 Time %,Meta. Power Zone 3 Time %,Meta. Power Zone 4 Time %,Meta. Power Zone 5 Time %,Meta. Power Zone 6 Time %,Meta. Power Zone 7 Time %,Meta. Power Zone 8 Time %,Meta. Power Zone 1 Efforts,Meta. Power Zone 2 Efforts,Meta. Power Zone 3 Efforts,Meta. Power Zone 4 Efforts,Meta. Power Zone 5 Efforts,Meta. Power Zone 6 Efforts,Meta. Power Zone 7 Efforts,Meta. Power Zone 8 Efforts,Meta. Power Zone 1 Avg Power,Meta. Power Zone 2 Avg Power,Meta. Power Zone 3 Avg Power,Meta. Power Zone 4 Avg Power,Meta. Power Zone 5 Avg Power,Meta. Power Zone 6 Avg Power,Meta. Power Zone 7 Avg Power,Meta. Power Zone 8 Avg Power
9964,,Session,0,8/15/2021,Forward,9:13:34,10:00:11,1629033214,1629036011,0:31:51,1:24:52,0:15:42,440.98865,40.1721,21.35657,4.24023,13.28793,13.58064,29.7079,23.48667,24.00405,52.50928,1.26076,0.09962,12.65523,0,0,0,13.02268,3.36802,0,0,0,0,0,0,0,0,0,0,0,3.47118,35.02843,126.79353,198.56737,72.21128,6.49606,0,0,0,7.94316,28.75211,45.02777,16.37486,1.47307,0,0,0,0:00:27,0:00:47,0:00:49,0:00:13,0:00:01,0:00:00,0:00:00,0:00:00,1.43843,2.47933,2.60486,0.7166,0.05754,0,0,0,0,9,8,4,1,0,0,0,0,13.02116,20.41257,17.94565,6.50151,0,0,0,0,4.87,5.16,3.4,1.1,0,0,0,0,1.18109,1.06081,7.84229,6.50151,0,0,0,0,0.7,0.4,1.7,1.1,0,0,0,0,43.26661,79.96281,23.38913,6.50151,0,0,0,0,15.1,19.4,4.2,1.1,0,0,0,0,0,0,0,0,0,0,0,0,0,0,0,0,0,0,0,0,0,0,0,0,0,0,0,0,0,0,0,0,0,0,0,0,0,0,0,0,0,0,0,0,0,0,0,0,0,0,0,0,0,0,0,0,0,0,0,0,0,0,0,0,0,0,0,0,0,0,0,0,0,0,0,0,0,0,0,0,0,0,0,0,0,0,0,0,0,0,0,0,0,0,0,0,0,0,0,0,0,0,0,0,0,0,0,0,0,2,33,34,1,0,0,0,0,3.17148,169.03982,266.48075,2.16535,0,0,0,0,0.71917,38.33201,60.42803,0.49102,0,0,0:00:00,0:00:00,0:00:01,0:01:05,0:01:13,0:00:00,0:00:00,0:00:00,0,0,0.08892,3.43653,3.83929,0.02615,0,0,0:02:21,0:00:00,0:00:00,0:00:00,0:00:00,0:00:00,0:00:00,0:00:00,7.37521,0,0,0,0,0,0,0,0,0,0,0,0,0,0,0,0:00:41,0:01:33,0:00:04,0:00:00,0:00:00,0:00:00,0:00:00,0:00:00,2.19164,4.90635,0.22492,0.04185,0.02615,0,0,0,0,0,0,0,0,0,0,0,0,0,0,0,0,0,0,0,0,0,0,0,0,0,0,0,0,0,0,0,0,0,0,0,2,1,0,10,1,1,18,0,0,0,0:00:00,0,0,0,0,0,0,0,0,0,0,0,0,0,1,13,4,2,0,0,2,7,1,0,0,0,0,0,0,1,0,0,0,1,0,0,0,0,0,0,0,0,0,0,0,0,1,0,39.78977,1.93168,0.46168,477.73476,1.18474,0:00:49,0:01:03,0:00:26,0:00:00,0:00:00,0:00:00,0:00:00,0:00:00,2.59963,3.30054,1.39135,0.04708,0,0,0,0,0,0,0,0,0,0,0,0,5.91396,14.76239,24.64407,36.91667,0,0,0,0
9964,,First Half,1,8/15/2021,Forward,9:13:34,10:00:11,1629033214,1629036011,0:31:51,0:31:51,0:14:46,440.98865,40.1721,21.35657,4.24023,13.28793,13.58064,29.7079,23.48667,24.00405,52.50928,1.26076,0.09962,12.65523,0,0,0,13.02268,3.36802,0,0,0,0,0,0,0,0,0,0,0,3.47118,35.02843,126.79353,198.56737,72.21128,6.49606,0,0,0,7.94316,28.75211,45.02777,16.37486,1.47307,0,0,0,0:00:27,0:00:47,0:00:49,0:00:13,0:00:01,0:00:00,0:00:00,0:00:00,1.43843,2.47933,2.60486,0.7166,0.05754,0,0,0,0,9,8,4,1,0,0,0,0,13.02116,20.41257,17.94565,6.50151,0,0,0,0,4.87,5.16,3.4,1.1,0,0,0,0,1.18109,1.06081,7.84229,6.50151,0,0,0,0,0.7,0.4,1.7,1.1,0,0,0,0,43.26661,79.96281,23.38913,6.50151,0,0,0,0,15.1,19.4,4.2,1.1,0,0,0,0,0,0,0,0,0,0,0,0,0,0,0,0,0,0,0,0,0,0,0,0,0,0,0,0,0,0,0,0,0,0,0,0,0,0,0,0,0,0,0,0,0,0,0,0,0,0,0,0,0,0,0,0,0,0,0,0,0,0,0,0,0,0,0,0,0,0,0,0,0,0,0,0,0,0,0,0,0,0,0,0,0,0,0,0,0,0,0,0,0,0,0,0,0,0,0,0,0,0,0,0,0,0,0,0,0,2,33,34,1,0,0,0,0,3.17148,169.03982,266.48075,2.16535,0,0,0,0,0.71917,38.33201,60.42803,0.49102,0,0,0:00:00,0:00:00,0:00:01,0:01:05,0:01:13,0:00:00,0:00:00,0:00:00,0,0,0.08892,3.43653,3.83929,0.02615,0,0,0:02:21,0:00:00,0:00:00,0:00:00,0:00:00,0:00:00,0:00:00,0:00:00,7.37521,0,0,0,0,0,0,0,0,0,0,0,0,0,0,0,0:00:41,0:01:33,0:00:04,0:00:00,0:00:00,0:00:00,0:00:00,0:00:00,2.19164,4.90635,0.22492,0.04185,0.02615,0,0,0,0,0,0,0,0,0,0,0,0,0,0,0,0,0,0,0,0,0,0,0,0,0,0,0,0,0,0,0,0,0,0,0,2,1,0,10,1,1,18,0,0,0,0:00:00,0,0,0,0,0,0,0,0,0,0,0,0,0,1,13,4,2,0,0,2,7,1,0,0,0,0,0,0,1,0,0,0,1,0,0,0,0,0,0,0,0,0,0,0,0,1,0,39.78977,1.93168,0.46168,477.73476,1.18474,0:00:49,0:01:03,0:00:26,0:00:00,0:00:00,0:00:00,0:00:00,0:00:00,2.59963,3.30054,1.39135,0.04708,0,0,0,0,0,0,0,0,0,0,0,0,5.91396,14.76239,24.64407,36.91667,0,0,0,0
9214,,Session,0,8/15/2021,Defender,9:13:34,10:00:11,1629033214,1629036011,0:46:37,1:39:38,0:00:56,2634.19698,253.32402,145.33788,47.21902,80.61612,103.51479,183.26503,21.94257,28.17527,49.88216,5.43388,0.10517,51.66761,0,0,0,14.24971,22.31155,0,0,0,0,0,0,0,0,0,0,0,4.88967,413.72484,1116.14171,818.11026,234.78784,37.3797,0,0,0,15.70592,42.37123,31.05729,8.91307,1.41902,0,0,0,0:05:03,0:07:01,0:03:36,0:00:46,0:00:05,0:00:00,0:00:00,0:00:00,10.85744,15.06886,7.74714,1.6624,0.20378,0,0,0,0,92,56,19,2,0,0,0,0,12.0043,14.01524,12.28717,18.68928,0,0,0,0,4.53,3.73,2.43,2.85,0,0,0,0,1.08827,1.69302,2.25611,12.02975,0,0,0,0,0.6,0.5,0.5,1.9,0,0,0,0,42.33506,52.17528,45.68352,25.34881,0,0,0,0,16.3,13.6,8.7,3.8,0,0,0,0,0,0,0,0,0,0,0,0,0,0,0,0,0,0,0,0,0,0,0,0,0,0,0,0,0,0,0,0,0,0,0,0,0,0,0,0,0,0,0,0,0,0,0,0,0,0,0,0,0,0,0,0,0,0,0,0,0,0,0,0,0,0,0,0,0,0,0,0,0,0,0,0,0,0,0,0,0,0,0,0,0,0,0,0,0,0,0,0,0,0,0,0,0,0,0,0,0,0,0,0,0,0,0,1,1,12,268,280,14,1,0,0.64523,4.47288,20.68023,1057.96153,1499.48601,44.46632,2.24191,0,0.02449,0.1698,0.78507,40.16258,56.92384,1.68804,0.08511,0,0:00:00,0:00:01,0:00:12,0:08:08,0:08:47,0:00:09,0:00:00,0:00:00,0.01788,0.06793,0.46118,17.47487,18.86914,0.35393,0.0143,0,0:17:23,0:00:00,0:00:00,0:00:00,0:00:00,0:00:00,0:00:00,0:00:00,37.28782,0,0,0,0,0,0,0,0,0,0,0,0,0,0,0,0:08:46,0:07:37,0:00:35,0:00:11,0:00:06,0:00:04,0:00:00,0:00:00,18.83339,16.3666,1.25484,0.40756,0.21808,0.1716,0.00358,0.00715,0,0,0,0,0,0,0,0,0,0,0,0,0,0,0,0,0,0,0,0,0,0,0,0,0,0,0,0,0,20,6,7,26,5,0,189,16,1,242,13,2,0,0:00:00,0,0,0,0,0,0,0,0,0,0,0,9,7,39,180,23,11,9,6,30,135,24,4,2,2,2,9,2,4,0,1,3,11,2,2,3,3,0,2,0,0,0,0,0,1,0,1,62.20244,11.67578,2.79058,2923.63205,1.21378,0:08:38,0:06:58,0:01:29,0:00:12,0:00:04,0:00:00,0:00:00,0:00:00,18.51878,14.9759,3.20325,0.43616,0.15015,0.01073,0,0,0,0,0,0,0,0,0,0,5.64101,14.02576,24.90805,38.17089,49.80769,60,0,0
9214,,First Half,1,8/15/2021,Defender,9:13:34,10:00:11,1629033214,1629036011,0:46:37,0:46:37,0:00:00,2634.19698,253.32402,145.33788,47.21902,80.61612,103.51479,183.26503,21.94257,28.17527,49.88216,5.43388,0.10517,51.66761,0,0,0,14.24971,22.31155,0,0,0,0,0,0,0,0,0,0,0,4.88967,413.72484,1116.14171,818.11026,234.78784,37.3797,0,0,0,15.70592,42.37123,31.05729,8.91307,1.41902,0,0,0,0:05:03,0:07:01,0:03:36,0:00:46,0:00:05,0:00:00,0:00:00,0:00:00,10.85744,15.06886,7.74714,1.6624,0.20378,0,0,0,0,92,56,19,2,0,0,0,0,12.0043,14.01524,12.28717,18.68928,0,0,0,0,4.53,3.73,2.43,2.85,0,0,0,0,1.08827,1.69302,2.25611,12.02975,0,0,0,0,0.6,0.5,0.5,1.9,0,0,0,0,42.33506,52.17528,45.68352,25.34881,0,0,0,0,16.3,13.6,8.7,3.8,0,0,0,0,0,0,0,0,0,0,0,0,0,0,0,0,0,0,0,0,0,0,0,0,0,0,0,0,0,0,0,0,0,0,0,0,0,0,0,0,0,0,0,0,0,0,0,0,0,0,0,0,0,0,0,0,0,0,0,0,0,0,0,0,0,0,0,0,0,0,0,0,0,0,0,0,0,0,0,0,0,0,0,0,0,0,0,0,0,0,0,0,0,0,0,0,0,0,0,0,0,0,0,0,0,0,0,1,1,12,268,280,14,1,0,0.64523,4.47288,20.68023,1057.96153,1499.48601,44.46632,2.24191,0,0.02449,0.1698,0.78507,40.16258,56.92384,1.68804,0.08511,0,0:00:00,0:00:01,0:00:12,0:08:08,0:08:47,0:00:09,0:00:00,0:00:00,0.01788,0.06793,0.46118,17.47487,18.86914,0.35393,0.0143,0,0:17:23,0:00:00,0:00:00,0:00:00,0:00:00,0:00:00,0:00:00,0:00:00,37.28782,0,0,0,0,0,0,0,0,0,0,0,0,0,0,0,0:08:46,0:07:37,0:00:35,0:00:11,0:00:06,0:00:04,0:00:00,0:00:00,18.83339,16.3666,1.25484,0.40756,0.21808,0.1716,0.00358,0.00715,0,0,0,0,0,0,0,0,0,0,0,0,0,0,0,0,0,0,0,0,0,0,0,0,0,0,0,0,0,20,6,7,26,5,0,189,16,1,242,13,2,0,0:00:00,0,0,0,0,0,0,0,0,0,0,0,9,7,39,180,23,11,9,6,30,135,24,4,2,2,2,9,2,4,0,1,3,11,2,2,3,3,0,2,0,0,0,0,0,1,0,1,62.20244,11.67578,2.79058,2923.63205,1.21378,0:08:38,0:06:58,0:01:29,0:00:12,0:00:04,0:00:00,0:00:00,0:00:00,18.51878,14.9759,3.20325,0.43616,0.15015,0.01073,0,0,0,0,0,0,0,0,0,0,5.64101,14.02576,24.90805,38.17089,49.80769,60,0,0
4860,,Session,0,8/15/2021,Forward,9:13:34,10:00:11,1629033214,1629036011,0:46:37,1:39:38,0:00:56,2.04615,1.95998,1.59736,1.95796,0.95058,1.03946,0.85814,33.37505,36.49553,30.12942,0.04204,1.04756,0.04013,89,68,77.01872,0.44783,0.55659,0,0,0,0,0,0,0,0,0,0,0,0.12101,0,0,0,0,0,0,0,0,0,0,0,0,0,0,0,0,0:00:00,0:00:00,0:00:00,0:00:00,0:00:00,0:00:00,0:00:00,0:00:00,0,0,0,0,0,0,0,0,0,0,0,0,0,0,0,0,0,0,0,0,0,0,0,0,0,0,0,0,0,0,0,0,0,0,0,0,0,0,0,0,0,0,0,0,0,0,0,0,0,0,0,0,0,0,0,0,0,0,0,0,0,0,0,0,0,0,0,0,0,0,0,0,0,0,0,0,0,0,0,0,0,0,0,0,0,0,0,0,0,0,0,0,0,0,0,0,0,0,0,0,0,0,0,0,0,0,0,0,0,0,0,0,0,0,0,0,0,0,0,0,0,0,0,0,0,0,0,0,0,0,0,0,0,0,0,0,0,0,0,0,0,0,0,0,0,0,0,0,0,0,0,0,0,0,0,0,0,0,0,0,0,0,0,0,0,0,0,0,0,0,0,6,5,0,0,0,0,0,0,0.25153,1.79353,0,0,0,0,0,0,12.29289,87.65365,0,0,0,0:00:00,0:00:00,0:00:00,0:00:09,0:14:14,0:00:00,0:00:00,0:00:00,0,0,0,0.35036,30.53812,0,0,0,0:14:25,0:00:00,0:00:00,0:00:00,0:00:00,0:00:00,0:00:00,0:00:00,30.92422,0,0,0,0,0,0,0,0,0,0,0,0,0,0,0,0:14:25,0:00:00,0:00:00,0:00:00,0:00:00,0:00:00,0:00:00,0:00:00,30.92422,0,0,0,0,0,0,0,0,0,0,0,0,0,0,0,0,0,0,0,0,0,0,0,0,0,0,0,0,0,0,0,0,0,0,0,0,0,0,0,0,0,0,0,0,0,0,0,0,0,0:00:00,0,0,0,0,0,0,0,0,0,0,0,0,0,0,0,0,0,0,0,0,0,0,0,0,0,0,0,0,0,0,0,0,0,0,0,0,0,0,0,0,0,0,0,0,0,0,0,0.8639,0.00478,0.00114,2.05456,1.09811,0:14:25,0:00:00,0:00:00,0:00:00,0:00:00,0:00:00,0:00:00,0:00:00,30.92422,0,0,0,0,0,0,0,0,0,0,0,0,0,0,0,0.00555,0,0,0,0,0,0,0
4860,,First Half,1,8/15/2021,Forward,9:13:34,10:00:11,1629033214,1629036011,0:46:37,0:46:37,0:00:00,2.04615,1.95998,1.59736,1.95796,0.95058,1.03946,0.85814,33.37505,36.49553,30.12942,0.04204,1.04756,0.04013,89,68,77.01872,0.44783,0.55659,0,0,0,0,0,0,0,0,0,0,0,0.12101,0,0,0,0,0,0,0,0,0,0,0,0,0,0,0,0,0:00:00,0:00:00,0:00:00,0:00:00,0:00:00,0:00:00,0:00:00,0:00:00,0,0,0,0,0,0,0,0,0,0,0,0,0,0,0,0,0,0,0,0,0,0,0,0,0,0,0,0,0,0,0,0,0,0,0,0,0,0,0,0,0,0,0,0,0,0,0,0,0,0,0,0,0,0,0,0,0,0,0,0,0,0,0,0,0,0,0,0,0,0,0,0,0,0,0,0,0,0,0,0,0,0,0,0,0,0,0,0,0,0,0,0,0,0,0,0,0,0,0,0,0,0,0,0,0,0,0,0,0,0,0,0,0,0,0,0,0,0,0,0,0,0,0,0,0,0,0,0,0,0,0,0,0,0,0,0,0,0,0,0,0,0,0,0,0,0,0,0,0,0,0,0,0,0,0,0,0,0,0,0,0,0,0,0,0,0,0,0,0,0,0,6,5,0,0,0,0,0,0,0.25153,1.79353,0,0,0,0,0,0,12.29289,87.65365,0,0,0,0:00:00,0:00:00,0:00:00,0:00:09,0:14:14,0:00:00,0:00:00,0:00:00,0,0,0,0.35036,30.53812,0,0,0,0:14:25,0:00:00,0:00:00,0:00:00,0:00:00,0:00:00,0:00:00,0:00:00,30.92422,0,0,0,0,0,0,0,0,0,0,0,0,0,0,0,0:14:25,0:00:00,0:00:00,0:00:00,0:00:00,0:00:00,0:00:00,0:00:00,30.92422,0,0,0,0,0,0,0,0,0,0,0,0,0,0,0,0,0,0,0,0,0,0,0,0,0,0,0,0,0,0,0,0,0,0,0,0,0,0,0,0,0,0,0,0,0,0,0,0,0,0:00:00,0,0,0,0,0,0,0,0,0,0,0,0,0,0,0,0,0,0,0,0,0,0,0,0,0,0,0,0,0,0,0,0,0,0,0,0,0,0,0,0,0,0,0,0,0,0,0,0.8639,0.00478,0.00114,2.05456,1.09811,0:14:25,0:00:00,0:00:00,0:00:00,0:00:00,0:00:00,0:00:00,0:00:00,30.92422,0,0,0,0,0,0,0,0,0,0,0,0,0,0,0,0.00555,0,0,0,0,0,0,0
,,Session,0,8/15/2021,Outside Back,9:13:34,10:00:11,1629033214,1629036011,0:46:37,1:39:38,0:00:56,2261.93753,263.72299,179.07966,69.69024,112.76317,116.56466,164.52744,28.63061,29.59581,41.77358,5.65694,0.12751,44.36605,0,0,0,14.99071,17.20481,0,0,0,0,0,0,0,0,0,0,0,4.65243,603.54331,763.27647,558.77078,257.72091,58.03806,0,0,0,26.68258,33.74437,24.70319,11.39381,2.56586,0,0,0,0:08:17,0:04:47,0:02:26,0:00:50,0:00:08,0:00:00,0:00:00,0:00:00,17.77517,10.26756,5.23388,1.80183,0.3146,0,0,0,0,86,51,19,4,0,0,0,0,8.71602,10.54072,13.5642,14.5095,0,0,0,0,3.28,2.76,2.65,2.2,0,0,0,0,0.65394,2.19377,4.03003,3.50285,0,0,0,0,0.4,0.7,0.9,0.6,0,0,0,0,24.84246,55.28441,32.50876,33.81344,0,0,0,0,8.8,13.7,6.4,4.9,0,0,0,0,0,0,0,0,0,0,0,0,0,0,0,0,0,0,0,0,0,0,0,0,0,0,0,0,0,0,0,0,0,0,0,0,0,0,0,0,0,0,0,0,0,0,0,0,0,0,0,0,0,0,0,0,0,0,0,0,0,0,0,0,0,0,0,0,0,0,0,0,0,0,0,0,0,0,0,0,0,0,0,0,0,0,0,0,0,0,0,0,0,0,0,0,0,0,0,0,0,0,0,0,0,0,0,0,3,10,273,279,16,2,0,0.25153,5.55556,22.35346,897.17848,1275.68897,52.64654,5.69773,0,0.01112,0.24561,0.98824,39.66416,56.39806,2.3275,0.2519,0,0:00:00,0:00:02,0:00:13,0:08:31,0:08:21,0:00:11,0:00:01,0:00:00,0,0.1001,0.48263,18.3007,17.91102,0.42186,0.03575,0,0:17:23,0:00:00,0:00:00,0:00:00,0:00:00,0:00:00,0:00:00,0:00:00,37.28782,0,0,0,0,0,0,0,0,0,0,0,0,0,0,0,0:09:02,0:06:30,0:00:57,0:00:31,0:00:16,0:00:04,0:00:01,0:00:00,19.3768,13.96416,2.04136,1.12614,0.57201,0.143,0.04648,0.00715,0,0,0,0,0,0,0,0,0,0,0,0,0,0,0,0,5,3,3.6,4,5,5,5,0,0.5,5,47,547.59998,1897,17,9,7,7,3,6,38,7,0,51,6,3,0,0:00:00,0,0,0,0,0,0,0,0,1,0,0,2,7,20,27,4,3,1,3,6,12,20,8,5,2,2,2,2,1,2,0,2,2,3,2,2,5,3,0,0,1,5,0,0,0,0,0,70.13033,9.99166,2.38806,2550.20422,1.23299,0:11:06,0:04:25,0:01:34,0:00:09,0:00:05,0:00:01,0:00:00,0:00:00,23.81701,9.49177,3.37843,0.34678,0.18948,0.04648,0,0,0,0,0,0,0,0,0,0,4.84854,14.19911,24.42458,38.48,50.5,63.05882,0,0
,,First Half,1,8/15/2021,Outside Back,9:13:34,10:00:11,1629033214,1629036011,0:46:37,0:46:37,0:00:00,2261.93753,263.72299,179.07966,69.69024,112.76317,116.56466,164.52744,28.63061,29.59581,41.77358,5.65694,0.12751,44.36605,0,0,0,14.99071,17.20481,0,0,0,0,0,0,0,0,0,0,0,4.65243,603.54331,763.27647,558.77078,257.72091,58.03806,0,0,0,26.68258,33.74437,24.70319,11.39381,2.56586,0,0,0,0:08:17,0:04:47,0:02:26,0:00:50,0:00:08,0:00:00,0:00:00,0:00:00,17.77517,10.26756,5.23388,1.80183,0.3146,0,0,0,0,86,51,19,4,0,0,0,0,8.71602,10.54072,13.5642,14.5095,0,0,0,0,3.28,2.76,2.65,2.2,0,0,0,0,0.65394,2.19377,4.03003,3.50285,0,0,0,0,0.4,0.7,0.9,0.6,0,0,0,0,24.84246,55.28441,32.50876,33.81344,0,0,0,0,8.8,13.7,6.4,4.9,0,0,0,0,0,0,0,0,0,0,0,0,0,0,0,0,0,0,0,0,0,0,0,0,0,0,0,0,0,0,0,0,0,0,0,0,0,0,0,0,0,0,0,0,0,0,0,0,0,0,0,0,0,0,0,0,0,0,0,0,0,0,0,0,0,0,0,0,0,0,0,0,0,0,0,0,0,0,0,0,0,0,0,0,0,0,0,0,0,0,0,0,0,0,0,0,0,0,0,0,0,0,0,0,0,0,0,0,3,10,273,279,16,2,0,0.25153,5.55556,22.35346,897.17848,1275.68897,52.64654,5.69773,0,0.01112,0.24561,0.98824,39.66416,56.39806,2.3275,0.2519,0,0:00:00,0:00:02,0:00:13,0:08:31,0:08:21,0:00:11,0:00:01,0:00:00,0,0.1001,0.48263,18.3007,17.91102,0.42186,0.03575,0,0:17:23,0:00:00,0:00:00,0:00:00,0:00:00,0:00:00,0:00:00,0:00:00,37.28782,0,0,0,0,0,0,0,0,0,0,0,0,0,0,0,0:09:02,0:06:30,0:00:57,0:00:31,0:00:16,0:00:04,0:00:01,0:00:00,19.3768,13.96416,2.04136,1.12614,0.57201,0.143,0.04648,0.00715,0,0,0,0,0,0,0,0,0,0,0,0,0,0,0,0,5,3,3.6,4,5,5,5,0,0.5,5,47,547.59998,1897,17,9,7,7,3,6,38,7,0,51,6,3,0,0:00:00,0,0,0,0,0,0,0,0,1,0,0,2,7,20,27,4,3,1,3,6,12,20,8,5,2,2,2,2,1,2,0,2,2,3,2,2,5,3,0,0,1,5,0,0,0,0,0,70.13033,9.99166,2.38806,2550.20422,1.23299,0:11:06,0:04:25,0:01:34,0:00:09,0:00:05,0:00:01,0:00:00,0:00:00,23.81701,9.49177,3.37843,0.34678,0.18948,0.04648,0,0,0,0,0,0,0,0,0,0,4.84854,14.19911,24.42458,38.48,50.5,63.05882,0,0
9083,,Session,0,8/15/2021,Forward,9:13:34,10:00:11,1629033214,1629036011,0:46:37,1:39:38,0:00:56,2196.39803,235.44495,143.5328,62.11135,86.40924,95.49734,160.7696,25.216,27.8681,46.9159,5.05037,0.11723,43.08055,178,0,162.10116,15.61446,19.65066,0,0,0,0,0,0,0,0,0,0,0,6.4848,620.3412,830.8946,439.14041,192.65092,95.19904,0,0,0,28.24357,37.82987,19.99366,8.77122,4.33433,0,0,0,0:08:12,0:05:25,0:01:54,0:00:38,0:00:14,0:00:00,0:00:00,0:00:00,17.61429,11.6225,4.09344,1.3621,0.51838,0,0,0,0,89,37,19,3,0,0,0,0,9.23004,11.83614,10.13981,31.73445,0,0,0,0,3.61,3.08,2.01,4.83,0,0,0,0,0.50622,1.63054,1.58582,7.65316,0,0,0,0,0.4,0.5,0.4,1.3,0,0,0,0,55.44404,33.65372,55.99191,59.43679,0,0,0,0,20.2,8.5,10.4,9.2,0,0,0,0,0,0,0,0,0,0,0,0,0,0,0,0,0,0,0,0,0,0,0,0,0,0,0,0,0,0,0,0,0,0,0,0,0,0,0,0,0,0,0,0,0,0,0,0,0,0,0,0,0,0,0,0,0,0,0,0,0,0,0,0,0,0,0,0,0,0,0,0,0,0,0,0,0,0,0,0,0,0,0,0,0,0,0,0,0,0,0,0,0,0,0,0,0,0,0,0,0,0,0,0,0,0,0,1,0,11,258,264,18,1,0,0.99519,2.26378,18.65704,865.95584,1247.20029,58.13648,3.61986,0,0.04531,0.10307,0.84944,39.42618,56.78389,2.6469,0.16481,0,0:00:00,0:00:00,0:00:12,0:08:39,0:08:41,0:00:13,0:00:00,0:00:00,0.01788,0.03218,0.43258,18.57241,18.62961,0.47906,0.02145,0,0:13:54,0:00:05,0:01:17,0:02:30,0:00:00,0:00:00,0:00:00,0:00:00,29.84813,0.20378,2.75279,5.36973,0,0,0,0,0,0,0,0,0,0,0,0,0:10:31,0:05:38,0:00:55,0:00:22,0:00:09,0:00:04,0:00:02,0:00:01,22.58004,12.11228,1.98058,0.79366,0.32533,0.14658,0.09653,0.03933,0,0,0,0,0,0,0,0,0,0,0,0,0,0,0,0,1,3,3,3,9.1,9.1,9.1,0,0,0,2466,2466,2466,13,5,3,5,2,0,139,17,1,141,13,0,0,0:00:00,0,0,0,0,0,0,0,0,2,0,0,2,5,24,106,11,4,1,0,5,75,59,6,2,2,2,11,0,1,1,0,0,8,9,1,2,0,0,0,0,0,0,0,0,0,1,1,63.72308,9.73969,2.32784,2453.56069,1.22166,0:11:48,0:04:24,0:01:16,0:00:12,0:00:05,0:00:00,0:00:00,0:00:00,25.32211,9.45602,2.72062,0.43616,0.20735,0.0143,0,0,0,0,0,0,0,0,0,0,4.87646,13.81877,24.87144,38.90446,50.55714,61,0,0
9083,,First Half,1,8/15/2021,Forward,9:13:34,10:00:11,1629033214,1629036011,0:46:37,0:46:37,0:00:00,2196.39803,235.44495,143.5328,62.11135,86.40924,95.49734,160.7696,25.216,27.8681,46.9159,5.05037,0.11723,43.08055,178,0,162.10116,15.61446,19.65066,0,0,0,0,0,0,0,0,0,0,0,6.4848,620.3412,830.8946,439.14041,192.65092,95.19904,0,0,0,28.24357,37.82987,19.99366,8.77122,4.33433,0,0,0,0:08:12,0:05:25,0:01:54,0:00:38,0:00:14,0:00:00,0:00:00,0:00:00,17.61429,11.6225,4.09344,1.3621,0.51838,0,0,0,0,89,37,19,3,0,0,0,0,9.23004,11.83614,10.13981,31.73445,0,0,0,0,3.61,3.08,2.01,4.83,0,0,0,0,0.50622,1.63054,1.58582,7.65316,0,0,0,0,0.4,0.5,0.4,1.3,0,0,0,0,55.44404,33.65372,55.99191,59.43679,0,0,0,0,20.2,8.5,10.4,9.2,0,0,0,0,0,0,0,0,0,0,0,0,0,0,0,0,0,0,0,0,0,0,0,0,0,0,0,0,0,0,0,0,0,0,0,0,0,0,0,0,0,0,0,0,0,0,0,0,0,0,0,0,0,0,0,0,0,0,0,0,0,0,0,0,0,0,0,0,0,0,0,0,0,0,0,0,0,0,0,0,0,0,0,0,0,0,0,0,0,0,0,0,0,0,0,0,0,0,0,0,0,0,0,0,0,0,0,1,0,11,258,264,18,1,0,0.99519,2.26378,18.65704,865.95584,1247.20029,58.13648,3.61986,0,0.04531,0.10307,0.84944,39.42618,56.78389,2.6469,0.16481,0,0:00:00,0:00:00,0:00:12,0:08:39,0:08:41,0:00:13,0:00:00,0:00:00,0.01788,0.03218,0.43258,18.57241,18.62961,0.47906,0.02145,0,0:13:54,0:00:05,0:01:17,0:02:30,0:00:00,0:00:00,0:00:00,0:00:00,29.84813,0.20378,2.75279,5.36973,0,0,0,0,0,0,0,0,0,0,0,0,0:10:31,0:05:38,0:00:55,0:00:22,0:00:09,0:00:04,0:00:02,0:00:01,22.58004,12.11228,1.98058,0.79366,0.32533,0.14658,0.09653,0.03933,0,0,0,0,0,0,0,0,0,0,0,0,0,0,0,0,1,3,3,3,9.1,9.1,9.1,0,0,0,2466,2466,2466,13,5,3,5,2,0,139,17,1,141,13,0,0,0:00:00,0,0,0,0,0,0,0,0,2,0,0,2,5,24,106,11,4,1,0,5,75,59,6,2,2,2,11,0,1,1,0,0,8,9,1,2,0,0,0,0,0,0,0,0,0,1,1,63.72308,9.73969,2.32784,2453.56069,1.22166,0:11:48,0:04:24,0:01:16,0:00:12,0:00:05,0:00:00,0:00:00,0:00:00,25.32211,9.45602,2.72062,0.43616,0.20735,0.0143,0,0,0,0,0,0,0,0,0,0,4.87646,13.81877,24.87144,38.90446,50.55714,61,0,0
12005,,Session,0,8/15/2021,Centre Back,9:13:34,10:00:11,1629033214,1629036011,0:46:37,1:39:38,0:00:56,1821.81278,186.36005,111.30345,58.59563,70.7513,69.88437,129.41573,26.1992,25.87817,47.92263,3.99748,0.11187,35.73336,0,0,0,12.54313,13.06787,0,0,0,0,0,0,0,0,0,0,0,4.12268,445.17717,877.00131,329.16666,147.13473,0.55774,0,0,0,24.43595,48.13894,18.06808,8.07628,0.03061,0,0,0,0:06:20,0:05:49,0:01:26,0:00:28,0:00:00,0:00:00,0:00:00,0:00:00,13.59951,12.47694,3.10672,1.00102,0,0,0,0,0,86,34,11,0,0,0,0,0,10.18501,9.67082,13.37618,0,0,0,0,0,4.05,2.55,2.55,0,0,0,0,0,0.54574,1.02459,1.99803,0,0,0,0,0,0.4,0.4,0.5,0,0,0,0,0,47.74175,42.66841,36.30357,0,0,0,0,0,17.5,10.9,6.4,0,0,0,0,0,0,0,0,0,0,0,0,0,0,0,0,0,0,0,0,0,0,0,0,0,0,0,0,0,0,0,0,0,0,0,0,0,0,0,0,0,0,0,0,0,0,0,0,0,0,0,0,0,0,0,0,0,0,0,0,0,0,0,0,0,0,0,0,0,0,0,0,0,0,0,0,0,0,0,0,0,0,0,0,0,0,0,0,0,0,0,0,0,0,0,0,0,0,0,0,0,0,0,0,0,0,0,0,0,1,7,206,203,6,0,0,0.17498,1.71697,9.85346,733.54112,1057.53501,19.53193,0,0,0.0096,0.09425,0.54086,40.26435,58.0485,1.07212,0,0,0:00:00,0:00:01,0:00:08,0:07:41,0:08:21,0:00:04,0:00:00,0:00:00,0.00358,0.05363,0.29315,16.5096,17.92532,0.17518,0,0,0:16:18,0:00:00,0:00:00,0:00:00,0:00:00,0:00:00,0:00:00,0:00:00,34.96403,0,0,0,0,0,0,0,0,0,0,0,0,0,0,0,0:10:30,0:05:17,0:00:20,0:00:07,0:00:01,0:00:00,0:00:00,0:00:00,22.54429,11.34007,0.71501,0.27885,0.0429,0.00358,0.00358,0,0,0,0,0,0,0,0,0,0,0,0,0,0,0,0,0,0,0,0,0,0,0,0,0,0,0,0,0,0,12,2,0,7,6,0,161,5,0,142,5,0,0,0:00:00,0,0,0,0,0,0,0,0,1,0,0,2,9,22,112,8,2,3,2,4,92,65,1,1,1,1,3,1,4,2,0,2,0,3,0,0,0,0,0,0,0,0,0,0,0,0,0,57.53844,7.9444,1.89876,2001.56131,1.20151,0:11:02,0:04:15,0:00:52,0:00:06,0:00:00,0:00:00,0:00:00,0:00:00,23.68474,9.11639,1.8912,0.22523,0.03218,0,0,0,0,0,0,0,0,0,0,0,4.51638,13.45321,24.31588,38.46835,50.66667,0,0,0
12005,,First Half,1,8/15/2021,Centre Back,9:13:34,10:00:11,1629033214,1629036011,0:46:37,0:46:37,0:00:00,1821.81278,186.36005,111.30345,58.59563,70.7513,69.88437,129.41573,26.1992,25.87817,47.92263,3.99748,0.11187,35.73336,0,0,0,12.54313,13.06787,0,0,0,0,0,0,0,0,0,0,0,4.12268,445.17717,877.00131,329.16666,147.13473,0.55774,0,0,0,24.43595,48.13894,18.06808,8.07628,0.03061,0,0,0,0:06:20,0:05:49,0:01:26,0:00:28,0:00:00,0:00:00,0:00:00,0:00:00,13.59951,12.47694,3.10672,1.00102,0,0,0,0,0,86,34,11,0,0,0,0,0,10.18501,9.67082,13.37618,0,0,0,0,0,4.05,2.55,2.55,0,0,0,0,0,0.54574,1.02459,1.99803,0,0,0,0,0,0.4,0.4,0.5,0,0,0,0,0,47.74175,42.66841,36.30357,0,0,0,0,0,17.5,10.9,6.4,0,0,0,0,0,0,0,0,0,0,0,0,0,0,0,0,0,0,0,0,0,0,0,0,0,0,0,0,0,0,0,0,0,0,0,0,0,0,0,0,0,0,0,0,0,0,0,0,0,0,0,0,0,0,0,0,0,0,0,0,0,0,0,0,0,0,0,0,0,0,0,0,0,0,0,0,0,0,0,0,0,0,0,0,0,0,0,0,0,0,0,0,0,0,0,0,0,0,0,0,0,0,0,0,0,0,0,0,0,1,7,206,203,6,0,0,0.17498,1.71697,9.85346,733.54112,1057.53501,19.53193,0,0,0.0096,0.09425,0.54086,40.26435,58.0485,1.07212,0,0,0:00:00,0:00:01,0:00:08,0:07:41,0:08:21,0:00:04,0:00:00,0:00:00,0.00358,0.05363,0.29315,16.5096,17.92532,0.17518,0,0,0:16:18,0:00:00,0:00:00,0:00:00,0:00:00,0:00:00,0:00:00,0:00:00,34.96403,0,0,0,0,0,0,0,0,0,0,0,0,0,0,0,0:10:30,0:05:17,0:00:20,0:00:07,0:00:01,0:00:00,0:00:00,0:00:00,22.54429,11.34007,0.71501,0.27885,0.0429,0.00358,0.00358,0,0,0,0,0,0,0,0,0,0,0,0,0,0,0,0,0,0,0,0,0,0,0,0,0,0,0,0,0,0,12,2,0,7,6,0,161,5,0,142,5,0,0,0:00:00,0,0,0,0,0,0,0,0,1,0,0,2,9,22,112,8,2,3,2,4,92,65,1,1,1,1,3,1,4,2,0,2,0,3,0,0,0,0,0,0,0,0,0,0,0,0,0,57.53844,7.9444,1.89876,2001.56131,1.20151,0:11:02,0:04:15,0:00:52,0:00:06,0:00:00,0:00:00,0:00:00,0:00:00,23.68474,9.11639,1.8912,0.22523,0.03218,0,0,0,0,0,0,0,0,0,0,0,4.51638,13.45321,24.31588,38.46835,50.66667,0,0,0
,,Session,0,8/15/2021,Forward,9:13:34,10:00:11,1629033214,1629036011,0:46:37,1:39:38,0:00:56,2289.83588,207.22374,123.92124,46.15342,71.56033,86.44618,145.39348,23.58613,28.49248,47.92139,4.44502,0.09897,44.91325,171,0,156.13613,16.26195,18.29855,0,0,0,0,0,0,0,0,0,0,0,4.97499,625.07656,784.09884,397.15661,317.19161,154.13386,0,0,0,27.29788,34.24258,17.34433,13.85215,6.73122,0,0,0,0:07:48,0:04:52,0:01:44,0:01:01,0:00:23,0:00:00,0:00:00,0:00:00,16.74913,10.45346,3.72163,2.18793,0.83656,0,0,0,0,68,41,27,11,0,0,0,0,11.53093,9.68009,11.74787,14.01258,0,0,0,0,4.3,2.54,2.27,2.13,0,0,0,0,0.94823,1.95427,1.9225,4.65333,0,0,0,0,0.6,0.6,0.5,0.8,0,0,0,0,45.29638,27.06588,48.07633,29.48818,0,0,0,0,16.5,7.2,8.7,4.4,0,0,0,0,0,0,0,0,0,0,0,0,0,0,0,0,0,0,0,0,0,0,0,0,0,0,0,0,0,0,0,0,0,0,0,0,0,0,0,0,0,0,0,0,0,0,0,0,0,0,0,0,0,0,0,0,0,0,0,0,0,0,0,0,0,0,0,0,0,0,0,0,0,0,0,0,0,0,0,0,0,0,0,0,0,0,0,0,0,0,0,0,0,0,0,0,0,0,0,0,0,0,0,0,0,0,0,1,4,10,243,249,16,2,0,2.23097,10.9252,22.86745,917.31188,1269.72883,58.65048,7.97244,0,0.09743,0.47712,0.99865,40.06016,55.45065,2.56134,0.34817,0,0:00:01,0:00:04,0:00:12,0:08:03,0:08:08,0:00:11,0:00:01,0:00:00,0.03933,0.1716,0.43258,17.29969,17.47129,0.41471,0.05005,0,0:12:48,0:00:00,0:00:59,0:01:43,0:01:13,0:00:00,0:00:00,0:00:00,27.47072,0,2.10928,3.69661,2.60979,0,0,0,0,0,0,0,0,0,0,0,0:11:06,0:04:07,0:00:43,0:00:25,0:00:12,0:00:04,0:00:02,0:00:01,23.80986,8.85184,1.5623,0.90449,0.43973,0.16445,0.0715,0.06435,0,0,0,0,0,0,0,0,0,0,0,0,0,0,0,0,2,3,3,3,0.7,1.53333,2.6,0,0,0,220,1054,1888,14,1,0,3,2,1,67,9,2,71,4,1,0,0:00:00,0,0,0,0,0,0,0,0,0,0,0,4,3,9,36,26,0,1,2,13,41,13,7,1,0,2,1,1,0,1,1,2,4,3,0,0,0,1,0,0,0,0,1,0,1,1,0,74.00489,10.42498,2.49163,2624.62787,1.25351,0:10:41,0:04:12,0:01:07,0:00:25,0:00:14,0:00:01,0:00:00,0:00:00,22.94828,9.03774,2.40601,0.91521,0.51481,0.05363,0,0,0,0,0,0,0,0,0,0,5.3185,13.81218,25.57967,39.51111,50.08671,62.54545,0,0
,,First Half,1,8/15/2021,Forward,9:13:34,10:00:11,1629033214,1629036011,0:46:37,0:46:37,0:00:00,2289.83588,207.22374,123.92124,46.15342,71.56033,86.44618,145.39348,23.58613,28.49248,47.92139,4.44502,0.09897,44.91325,171,0,156.13613,16.26195,18.29855,0,0,0,0,0,0,0,0,0,0,0,4.97499,625.07656,784.09884,397.15661,317.19161,154.13386,0,0,0,27.29788,34.24258,17.34433,13.85215,6.73122,0,0,0,0:07:48,0:04:52,0:01:44,0:01:01,0:00:23,0:00:00,0:00:00,0:00:00,16.74913,10.45346,3.72163,2.18793,0.83656,0,0,0,0,68,41,27,11,0,0,0,0,11.53093,9.68009,11.74787,14.01258,0,0,0,0,4.3,2.54,2.27,2.13,0,0,0,0,0.94823,1.95427,1.9225,4.65333,0,0,0,0,0.6,0.6,0.5,0.8,0,0,0,0,45.29638,27.06588,48.07633,29.48818,0,0,0,0,16.5,7.2,8.7,4.4,0,0,0,0,0,0,0,0,0,0,0,0,0,0,0,0,0,0,0,0,0,0,0,0,0,0,0,0,0,0,0,0,0,0,0,0,0,0,0,0,0,0,0,0,0,0,0,0,0,0,0,0,0,0,0,0,0,0,0,0,0,0,0,0,0,0,0,0,0,0,0,0,0,0,0,0,0,0,0,0,0,0,0,0,0,0,0,0,0,0,0,0,0,0,0,0,0,0,0,0,0,0,0,0,0,0,0,1,4,10,243,249,16,2,0,2.23097,10.9252,22.86745,917.31188,1269.72883,58.65048,7.97244,0,0.09743,0.47712,0.99865,40.06016,55.45065,2.56134,0.34817,0,0:00:01,0:00:04,0:00:12,0:08:03,0:08:08,0:00:11,0:00:01,0:00:00,0.03933,0.1716,0.43258,17.29969,17.47129,0.41471,0.05005,0,0:12:48,0:00:00,0:00:59,0:01:43,0:01:13,0:00:00,0:00:00,0:00:00,27.47072,0,2.10928,3.69661,2.60979,0,0,0,0,0,0,0,0,0,0,0,0:11:06,0:04:07,0:00:43,0:00:25,0:00:12,0:00:04,0:00:02,0:00:01,23.80986,8.85184,1.5623,0.90449,0.43973,0.16445,0.0715,0.06435,0,0,0,0,0,0,0,0,0,0,0,0,0,0,0,0,2,3,3,3,0.7,1.53333,2.6,0,0,0,220,1054,1888,14,1,0,3,2,1,67,9,2,71,4,1,0,0:00:00,0,0,0,0,0,0,0,0,0,0,0,4,3,9,36,26,0,1,2,13,41,13,7,1,0,2,1,1,0,1,1,2,4,3,0,0,0,1,0,0,0,0,1,0,1,1,0,74.00489,10.42498,2.49163,2624.62787,1.25351,0:10:41,0:04:12,0:01:07,0:00:25,0:00:14,0:00:01,0:00:00,0:00:00,22.94828,9.03774,2.40601,0.91521,0.51481,0.05363,0,0,0,0,0,0,0,0,0,0,5.3185,13.81218,25.57967,39.51111,50.08671,62.54545,0,0
9472,,Session,0,8/15/2021,Centre Back,9:13:34,10:00:11,1629033214,1629036011,0:46:37,1:39:38,0:00:56,492.28485,49.67541,30.7816,12.2952,16.12948,22.6002,33.10982,22.4521,31.45929,46.08861,1.06555,0.11035,9.65576,154,0,150.21212,14.3173,3.27008,0,0,0,0,0,0,0,0,0,0,0,3.69755,131.15704,151.37795,170.80052,22.1238,12.7734,0,0,0,26.64251,30.75007,34.69547,4.4941,2.59472,0,0,0,0:01:34,0:00:57,0:00:44,0:00:04,0:00:02,0:00:00,0:00:00,0:00:00,3.37485,2.06281,1.58017,0.16445,0.0715,0,0,0,0,17,11,4,1,0,0,0,0,8.59619,15.4618,5.53095,12.77122,0,0,0,0,3.28,4,1.15,2,0,0,0,0,1.81649,1.20625,3.20211,12.77122,0,0,0,0,1,0.4,0.7,2,0,0,0,0,23.28632,46.89958,7.29331,12.77122,0,0,0,0,8.1,12.4,1.5,2,0,0,0,0,0,0,0,0,0,0,0,0,0,0,0,0,0,0,0,0,0,0,0,0,0,0,0,0,0,0,0,0,0,0,0,0,0,0,0,0,0,0,0,0,0,0,0,0,0,0,0,0,0,0,0,0,0,0,0,0,0,0,0,0,0,0,0,0,0,0,0,0,0,0,0,0,0,0,0,0,0,0,0,0,0,0,0,0,0,0,0,0,0,0,0,0,0,0,0,0,0,0,0,0,0,0,0,0,1,1,53,52,4,0,0,0,1.03893,2.6028,216.81977,253.83858,14.99344,0.38276,0,0,0.21104,0.52872,44.04356,51.56336,3.04568,0.07775,0,0:00:00,0:00:00,0:00:01,0:01:49,0:01:32,0:00:03,0:00:00,0:00:00,0,0.0286,0.05005,3.91468,3.29978,0.1144,0,0,0:03:11,0:00:00,0:00:00,0:00:16,0:00:00,0:00:00,0:00:00,0:00:00,6.86053,0,0,0.58631,0,0,0,0,0,0,0,0,0,0,0,0,0:01:55,0:01:20,0:00:07,0:00:01,0:00:02,0:00:00,0:00:00,0:00:00,4.11489,2.86004,0.26098,0.06793,0.1001,0.03218,0,0,0,0,0,0,0,0,0,0,0,0,0,0,0,0,0,0,0,0,0,0,0,0,0,0,0,0,0,0,0,7,3,1,1,1,1,11,3,0,19,2,0,0,0:00:00,0,0,0,0,0,0,0,0,0,0,0,0,3,9,8,2,0,1,0,1,10,0,4,0,1,1,0,1,0,0,1,0,3,0,2,0,1,0,0,0,0,0,1,0,0,0,0,73.37335,2.18297,0.52174,553.28846,1.22913,0:02:04,0:01:04,0:00:15,0:00:02,0:00:00,0:00:00,0:00:00,0:00:00,4.45094,2.30234,0.55771,0.07865,0.0286,0.01788,0,0,0,0,0,0,0,0,0,0,5.62647,14.22493,25.56831,38.56667,50.58333,67.85714,0,0
9472,,First Half,1,8/15/2021,Centre Back,9:13:34,10:00:11,1629033214,1629036011,0:46:37,0:46:37,0:00:00,492.28485,49.67541,30.7816,12.2952,16.12948,22.6002,33.10982,22.4521,31.45929,46.08861,1.06555,0.11035,9.65576,154,0,150.21212,14.3173,3.27008,0,0,0,0,0,0,0,0,0,0,0,3.69755,131.15704,151.37795,170.80052,22.1238,12.7734,0,0,0,26.64251,30.75007,34.69547,4.4941,2.59472,0,0,0,0:01:34,0:00:57,0:00:44,0:00:04,0:00:02,0:00:00,0:00:00,0:00:00,3.37485,2.06281,1.58017,0.16445,0.0715,0,0,0,0,17,11,4,1,0,0,0,0,8.59619,15.4618,5.53095,12.77122,0,0,0,0,3.28,4,1.15,2,0,0,0,0,1.81649,1.20625,3.20211,12.77122,0,0,0,0,1,0.4,0.7,2,0,0,0,0,23.28632,46.89958,7.29331,12.77122,0,0,0,0,8.1,12.4,1.5,2,0,0,0,0,0,0,0,0,0,0,0,0,0,0,0,0,0,0,0,0,0,0,0,0,0,0,0,0,0,0,0,0,0,0,0,0,0,0,0,0,0,0,0,0,0,0,0,0,0,0,0,0,0,0,0,0,0,0,0,0,0,0,0,0,0,0,0,0,0,0,0,0,0,0,0,0,0,0,0,0,0,0,0,0,0,0,0,0,0,0,0,0,0,0,0,0,0,0,0,0,0,0,0,0,0,0,0,0,1,1,53,52,4,0,0,0,1.03893,2.6028,216.81977,253.83858,14.99344,0.38276,0,0,0.21104,0.52872,44.04356,51.56336,3.04568,0.07775,0,0:00:00,0:00:00,0:00:01,0:01:49,0:01:32,0:00:03,0:00:00,0:00:00,0,0.0286,0.05005,3.91468,3.29978,0.1144,0,0,0:03:11,0:00:00,0:00:00,0:00:16,0:00:00,0:00:00,0:00:00,0:00:00,6.86053,0,0,0.58631,0,0,0,0,0,0,0,0,0,0,0,0,0:01:55,0:01:20,0:00:07,0:00:01,0:00:02,0:00:00,0:00:00,0:00:00,4.11489,2.86004,0.26098,0.06793,0.1001,0.03218,0,0,0,0,0,0,0,0,0,0,0,0,0,0,0,0,0,0,0,0,0,0,0,0,0,0,0,0,0,0,0,7,3,1,1,1,1,11,3,0,19,2,0,0,0:00:00,0,0,0,0,0,0,0,0,0,0,0,0,3,9,8,2,0,1,0,1,10,0,4,0,1,1,0,1,0,0,1,0,3,0,2,0,1,0,0,0,0,0,1,0,0,0,0,73.37335,2.18297,0.52174,553.28846,1.22913,0:02:04,0:01:04,0:00:15,0:00:02,0:00:00,0:00:00,0:00:00,0:00:00,4.45094,2.30234,0.55771,0.07865,0.0286,0.01788,0,0,0,0,0,0,0,0,0,0,5.62647,14.22493,25.56831,38.56667,50.58333,67.85714,0,0
,,Session,0,8/15/2021,Midfielder,9:13:34,10:00:11,1629033214,1629036011,0:46:37,1:39:38,0:00:56,1047.04863,115.36758,62.807,20.82292,37.70873,42.08001,85.10639,22.86831,25.51925,51.61244,2.47467,0.1205,20.537,89,0,79.3646,11.73841,8.74134,0,0,0,0,0,0,0,0,0,0,0,4.48618,182.67716,418.84295,368.00088,71.0958,0,0,0,0,17.44686,40.00224,35.14649,6.79011,0,0,0,0,0:02:22,0:02:38,0:01:36,0:00:14,0:00:00,0:00:00,0:00:00,0:00:00,5.10875,5.65574,3.44278,0.50408,0,0,0,0,0,38,22,6,0,0,0,0,0,10.40671,16.69983,11.7405,0,0,0,0,0,3.93,4.37,2.33,0,0,0,0,0,1.15267,2.4333,2.69138,0,0,0,0,0,0.6,0.8,0.6,0,0,0,0,0,37.73179,45.52826,32.03852,0,0,0,0,0,13.2,11.6,6,0,0,0,0,0,0,0,0,0,0,0,0,0,0,0,0,0,0,0,0,0,0,0,0,0,0,0,0,0,0,0,0,0,0,0,0,0,0,0,0,0,0,0,0,0,0,0,0,0,0,0,0,0,0,0,0,0,0,0,0,0,0,0,0,0,0,0,0,0,0,0,0,0,0,0,0,0,0,0,0,0,0,0,0,0,0,0,0,0,0,0,0,0,0,0,0,0,0,0,0,0,0,0,0,0,0,0,0,0,0,3,109,109,1,0,0,0,0.2734,8.62861,422.79091,612.4125,2.55906,0,0,0,0.02611,0.82409,40.3793,58.4894,0.24441,0,0,0:00:00,0:00:00,0:00:04,0:03:29,0:04:10,0:00:00,0:00:00,0:00:00,0,0.00715,0.17518,7.48974,8.93764,0.0286,0,0,0:07:46,0:00:00,0:00:00,0:00:00,0:00:00,0:00:00,0:00:00,0:00:00,16.65975,0,0,0,0,0,0,0,0,0,0,0,0,0,0,0,0:03:41,0:03:27,0:00:23,0:00:10,0:00:01,0:00:00,0:00:00,0:00:00,7.92232,7.42181,0.84371,0.37181,0.05363,0.01073,0.01073,0,0,0,0,0,0,0,0,0,0,0,0,0,0,0,0,0,0,0,0,0,0,0,0,0,0,0,0,0,0,7,4,0,2,1,0,71,3,0,84,5,2,0,0:00:00,0,0,0,0,0,0,0,0,1,0,0,2,2,15,66,3,2,0,0,3,47,21,3,2,2,3,2,0,0,1,0,0,3,0,0,0,0,1,0,1,0,0,0,0,0,0,0,43.06833,4.54001,1.08509,1144.25739,1.19515,0:04:16,0:02:47,0:00:37,0:00:03,0:00:00,0:00:00,0:00:00,0:00:00,9.17002,5.99894,1.34422,0.11798,0,0,0,0,0,0,0,0,0,0,0,0,4.63671,14.11196,23.6682,36.87805,0,0,0,0
,,First Half,1,8/15/2021,Midfielder,9:13:34,10:00:11,1629033214,1629036011,0:46:37,0:46:37,0:00:00,1047.04863,115.36758,62.807,20.82292,37.70873,42.08001,85.10639,22.86831,25.51925,51.61244,2.47467,0.1205,20.537,89,0,79.3646,11.73841,8.74134,0,0,0,0,0,0,0,0,0,0,0,4.48618,182.67716,418.84295,368.00088,71.0958,0,0,0,0,17.44686,40.00224,35.14649,6.79011,0,0,0,0,0:02:22,0:02:38,0:01:36,0:00:14,0:00:00,0:00:00,0:00:00,0:00:00,5.10875,5.65574,3.44278,0.50408,0,0,0,0,0,38,22,6,0,0,0,0,0,10.40671,16.69983,11.7405,0,0,0,0,0,3.93,4.37,2.33,0,0,0,0,0,1.15267,2.4333,2.69138,0,0,0,0,0,0.6,0.8,0.6,0,0,0,0,0,37.73179,45.52826,32.03852,0,0,0,0,0,13.2,11.6,6,0,0,0,0,0,0,0,0,0,0,0,0,0,0,0,0,0,0,0,0,0,0,0,0,0,0,0,0,0,0,0,0,0,0,0,0,0,0,0,0,0,0,0,0,0,0,0,0,0,0,0,0,0,0,0,0,0,0,0,0,0,0,0,0,0,0,0,0,0,0,0,0,0,0,0,0,0,0,0,0,0,0,0,0,0,0,0,0,0,0,0,0,0,0,0,0,0,0,0,0,0,0,0,0,0,0,0,0,0,0,3,109,109,1,0,0,0,0.2734,8.62861,422.79091,612.4125,2.55906,0,0,0,0.02611,0.82409,40.3793,58.4894,0.24441,0,0,0:00:00,0:00:00,0:00:04,0:03:29,0:04:10,0:00:00,0:00:00,0:00:00,0,0.00715,0.17518,7.48974,8.93764,0.0286,0,0,0:07:46,0:00:00,0:00:00,0:00:00,0:00:00,0:00:00,0:00:00,0:00:00,16.65975,0,0,0,0,0,0,0,0,0,0,0,0,0,0,0,0:03:41,0:03:27,0:00:23,0:00:10,0:00:01,0:00:00,0:00:00,0:00:00,7.92232,7.42181,0.84371,0.37181,0.05363,0.01073,0.01073,0,0,0,0,0,0,0,0,0,0,0,0,0,0,0,0,0,0,0,0,0,0,0,0,0,0,0,0,0,0,7,4,0,2,1,0,71,3,0,84,5,2,0,0:00:00,0,0,0,0,0,0,0,0,1,0,0,2,2,15,66,3,2,0,0,3,47,21,3,2,2,3,2,0,0,1,0,0,3,0,0,0,0,1,0,1,0,0,0,0,0,0,0,43.06833,4.54001,1.08509,1144.25739,1.19515,0:04:16,0:02:47,0:00:37,0:00:03,0:00:00,0:00:00,0:00:00,0:00:00,9.17002,5.99894,1.34422,0.11798,0,0,0,0,0,0,0,0,0,0,0,0,4.63671,14.11196,23.6682,36.87805,0,0,0,0
5341,,Session,0,8/15/2021,Forward,9:13:34,10:00:11,1629033214,1629036011,0:28:41,1:21:42,0:18:52,2772.77642,274.63824,154.48616,43.90976,81.34892,111.67051,196.12255,20.90469,28.6966,50.39871,9.5725,0.10832,88.37216,0,0,0,14.87821,25.55628,0,0,0,0,0,0,0,0,0,0,0,4.08644,434.01136,1000.08747,896.33638,377.99652,50.95144,0,0,0,15.65259,36.06809,32.32631,13.63242,1.83756,0,0,0,0:05:09,0:06:19,0:03:54,0:01:14,0:00:08,0:00:00,0:00:00,0:00:00,17.96192,22.06899,13.63409,4.29878,0.46473,0,0,0,0,109,71,28,4,0,0,0,0,9.15862,12.61735,13.40937,12.73758,0,0,0,0,3.47,3.3,2.62,2,0,0,0,0,0.6769,1.23579,2.22768,4.26071,0,0,0,0,0.4,0.4,0.5,0.7,0,0,0,0,36.21826,51.53219,35.22204,22.28998,0,0,0,0,14.7,12.8,6.7,3.5,0,0,0,0,0,0,0,0,0,0,0,0,0,0,0,0,0,0,0,0,0,0,0,0,0,0,0,0,0,0,0,0,0,0,0,0,0,0,0,0,0,0,0,0,0,0,0,0,0,0,0,0,0,0,0,0,0,0,0,0,0,0,0,0,0,0,0,0,0,0,0,0,0,0,0,0,0,0,0,0,0,0,0,0,0,0,0,0,0,0,0,0,0,0,0,0,0,0,0,0,0,0,0,0,0,0,0,0,5,24,273,277,20,1,0,0,11.12205,40.27778,1022.91117,1641.97293,54.25416,3.42301,0,0,0.40112,1.45262,36.89122,59.21765,1.95667,0.12345,0,0:00:00,0:00:06,0:00:25,0:07:52,0:09:12,0:00:13,0:00:00,0:00:00,0,0.36017,1.49295,27.42503,32.06655,0.75519,0.04066,0,0:17:50,0:00:00,0:00:00,0:00:00,0:00:00,0:00:00,0:00:00,0:00:00,62.15799,0,0,0,0,0,0,0,0,0,0,0,0,0,0,0,0:08:31,0:07:58,0:01:00,0:00:16,0:00:01,0:00:01,0:00:00,0:00:00,29.70803,27.76777,3.50873,0.94689,0.11037,0.06971,0.01162,0,0,0,0,0,0,0,0,0,0,0,0,0,0,0,0,0,2,3,3,3,1,1,1,0,1.16667,7,264,487,710,25,6,0,26,6,1,102,5,2,153,4,1,0,0:00:00,0,0,0,0,0,0,0,0,0,0,0,4,10,32,105,16,8,4,14,18,65,19,11,1,4,2,1,1,1,4,1,3,1,1,1,0,0,1,0,0,1,0,0,1,0,1,0,63.55498,12.53972,2.99707,3164.63681,1.24817,0:09:01,0:06:01,0:02:27,0:00:16,0:00:02,0:00:00,0:00:00,0:00:00,31.43916,21.0001,8.5627,0.9527,0.14523,0.02905,0,0,0,0,0,0,0,0,0,0,5.49068,14.27965,24.98371,37.85096,49.11111,60.5,0,0
5341,,First Half,1,8/15/2021,Forward,9:13:34,10:00:11,1629033214,1629036011,0:28:41,0:28:41,0:17:56,2772.77642,274.63824,154.48616,43.90976,81.34892,111.67051,196.12255,20.90469,28.6966,50.39871,9.5725,0.10832,88.37216,0,0,0,14.87821,25.55628,0,0,0,0,0,0,0,0,0,0,0,4.08644,434.01136,1000.08747,896.33638,377.99652,50.95144,0,0,0,15.65259,36.06809,32.32631,13.63242,1.83756,0,0,0,0:05:09,0:06:19,0:03:54,0:01:14,0:00:08,0:00:00,0:00:00,0:00:00,17.96192,22.06899,13.63409,4.29878,0.46473,0,0,0,0,109,71,28,4,0,0,0,0,9.15862,12.61735,13.40937,12.73758,0,0,0,0,3.47,3.3,2.62,2,0,0,0,0,0.6769,1.23579,2.22768,4.26071,0,0,0,0,0.4,0.4,0.5,0.7,0,0,0,0,36.21826,51.53219,35.22204,22.28998,0,0,0,0,14.7,12.8,6.7,3.5,0,0,0,0,0,0,0,0,0,0,0,0,0,0,0,0,0,0,0,0,0,0,0,0,0,0,0,0,0,0,0,0,0,0,0,0,0,0,0,0,0,0,0,0,0,0,0,0,0,0,0,0,0,0,0,0,0,0,0,0,0,0,0,0,0,0,0,0,0,0,0,0,0,0,0,0,0,0,0,0,0,0,0,0,0,0,0,0,0,0,0,0,0,0,0,0,0,0,0,0,0,0,0,0,0,0,0,0,5,24,273,277,20,1,0,0,11.12205,40.27778,1022.91117,1641.97293,54.25416,3.42301,0,0,0.40112,1.45262,36.89122,59.21765,1.95667,0.12345,0,0:00:00,0:00:06,0:00:25,0:07:52,0:09:12,0:00:13,0:00:00,0:00:00,0,0.36017,1.49295,27.42503,32.06655,0.75519,0.04066,0,0:17:50,0:00:00,0:00:00,0:00:00,0:00:00,0:00:00,0:00:00,0:00:00,62.15799,0,0,0,0,0,0,0,0,0,0,0,0,0,0,0,0:08:31,0:07:58,0:01:00,0:00:16,0:00:01,0:00:01,0:00:00,0:00:00,29.70803,27.76777,3.50873,0.94689,0.11037,0.06971,0.01162,0,0,0,0,0,0,0,0,0,0,0,0,0,0,0,0,0,2,3,3,3,1,1,1,0,1.16667,7,264,487,710,25,6,0,26,6,1,102,5,2,153,4,1,0,0:00:00,0,0,0,0,0,0,0,0,0,0,0,4,10,32,105,16,8,4,14,18,65,19,11,1,4,2,1,1,1,4,1,3,1,1,1,0,0,1,0,0,1,0,0,1,0,1,0,63.55498,12.53972,2.99707,3164.63681,1.24817,0:09:01,0:06:01,0:02:27,0:00:16,0:00:02,0:00:00,0:00:00,0:00:00,31.43916,21.0001,8.5627,0.9527,0.14523,0.02905,0,0,0,0,0,0,0,0,0,0,5.49068,14.27965,24.98371,37.85096,49.11111,60.5,0,0
8988,,Session,0,8/15/2021,Midfielder,9:13:34,10:00:11,1629033214,1629036011,0:46:37,1:39:38,0:00:56,2633.1573,298.65051,169.4782,65.73736,93.89516,121.0462,215.21246,21.82828,28.14021,50.03151,6.40615,0.12404,51.64722,0,0,0,14.88334,22.12964,0,0,0,0,0,0,0,0,0,0,0,4.00559,477.47157,1021.38015,696.01925,387.3469,27.3294,0,0,0,18.13304,38.78918,26.43288,14.71036,1.03789,0,0,0,0:05:36,0:06:41,0:03:06,0:01:19,0:00:04,0:00:00,0:00:00,0:00:00,12.04436,14.36457,6.6496,2.85647,0.15373,0,0,0,0,107,63,32,2,0,0,0,0,9.43728,10.87245,12.10468,13.66312,0,0,0,0,3.7,2.9,2.5,2.15,0,0,0,0,0.49649,1.3801,1.64483,8.57843,0,0,0,0,0.4,0.5,0.4,1.5,0,0,0,0,48.11365,34.06154,41.79573,18.74782,0,0,0,0,15.5,9,8.4,2.8,0,0,0,0,0,0,0,0,0,0,0,0,0,0,0,0,0,0,0,0,0,0,0,0,0,0,0,0,0,0,0,0,0,0,0,0,0,0,0,0,0,0,0,0,0,0,0,0,0,0,0,0,0,0,0,0,0,0,0,0,0,0,0,0,0,0,0,0,0,0,0,0,0,0,0,0,0,0,0,0,0,0,0,0,0,0,0,0,0,0,0,0,0,0,0,0,0,0,0,0,0,0,0,0,0,0,0,0,1,13,307,315,19,0,0,0.44838,4.44007,26.47638,1054.14477,1501.0717,46.04112,1.17017,0,0.01703,0.16862,1.0055,40.03349,57.00653,1.74851,0.04444,0,0:00:00,0:00:02,0:00:14,0:08:47,0:09:28,0:00:12,0:00:00,0:00:00,0.00358,0.0715,0.50408,18.85841,20.32776,0.43258,0.00715,0,0:18:45,0:00:00,0:00:00,0:00:00,0:00:00,0:00:00,0:00:00,0:00:00,40.21937,0,0,0,0,0,0,0,0,0,0,0,0,0,0,0,0:08:23,0:08:32,0:01:23,0:00:20,0:00:03,0:00:02,0:00:00,0:00:00,17.98253,18.315,2.97087,0.71859,0.11798,0.08223,0,0,0,0,0,0,0,0,0,0,0,0,0,0,0,0,0,0,3,3,3.66667,4,1,1,1,0,0.63636,5,193,845.66669,2107,8,5,0,36,11,5,147,5,1,262,27,4,0,0:00:00,0,0,0,0,0,0,0,0,1,0,0,3,1,13,179,70,19,5,12,55,79,13,4,4,1,4,13,10,5,4,2,3,2,0,0,0,0,1,2,1,1,3,1,1,0,0,0,61.18056,12.04951,2.8799,2993.87107,1.24343,0:10:51,0:05:15,0:02:14,0:00:17,0:00:04,0:00:00,0:00:00,0:00:00,23.28433,11.29002,4.79772,0.63636,0.16803,0.00358,0,0,0,0,0,0,0,0,0,0,5.17722,14.08545,25.19605,37.97531,48.63492,60,0,0
8988,,First Half,1,8/15/2021,Midfielder,9:13:34,10:00:11,1629033214,1629036011,0:46:37,0:46:37,0:00:00,2633.1573,298.65051,169.4782,65.73736,93.89516,121.0462,215.21246,21.82828,28.14021,50.03151,6.40615,0.12404,51.64722,0,0,0,14.88334,22.12964,0,0,0,0,0,0,0,0,0,0,0,4.00559,477.47157,1021.38015,696.01925,387.3469,27.3294,0,0,0,18.13304,38.78918,26.43288,14.71036,1.03789,0,0,0,0:05:36,0:06:41,0:03:06,0:01:19,0:00:04,0:00:00,0:00:00,0:00:00,12.04436,14.36457,6.6496,2.85647,0.15373,0,0,0,0,107,63,32,2,0,0,0,0,9.43728,10.87245,12.10468,13.66312,0,0,0,0,3.7,2.9,2.5,2.15,0,0,0,0,0.49649,1.3801,1.64483,8.57843,0,0,0,0,0.4,0.5,0.4,1.5,0,0,0,0,48.11365,34.06154,41.79573,18.74782,0,0,0,0,15.5,9,8.4,2.8,0,0,0,0,0,0,0,0,0,0,0,0,0,0,0,0,0,0,0,0,0,0,0,0,0,0,0,0,0,0,0,0,0,0,0,0,0,0,0,0,0,0,0,0,0,0,0,0,0,0,0,0,0,0,0,0,0,0,0,0,0,0,0,0,0,0,0,0,0,0,0,0,0,0,0,0,0,0,0,0,0,0,0,0,0,0,0,0,0,0,0,0,0,0,0,0,0,0,0,0,0,0,0,0,0,0,0,0,1,13,307,315,19,0,0,0.44838,4.44007,26.47638,1054.14477,1501.0717,46.04112,1.17017,0,0.01703,0.16862,1.0055,40.03349,57.00653,1.74851,0.04444,0,0:00:00,0:00:02,0:00:14,0:08:47,0:09:28,0:00:12,0:00:00,0:00:00,0.00358,0.0715,0.50408,18.85841,20.32776,0.43258,0.00715,0,0:18:45,0:00:00,0:00:00,0:00:00,0:00:00,0:00:00,0:00:00,0:00:00,40.21937,0,0,0,0,0,0,0,0,0,0,0,0,0,0,0,0:08:23,0:08:32,0:01:23,0:00:20,0:00:03,0:00:02,0:00:00,0:00:00,17.98253,18.315,2.97087,0.71859,0.11798,0.08223,0,0,0,0,0,0,0,0,0,0,0,0,0,0,0,0,0,0,3,3,3.66667,4,1,1,1,0,0.63636,5,193,845.66669,2107,8,5,0,36,11,5,147,5,1,262,27,4,0,0:00:00,0,0,0,0,0,0,0,0,1,0,0,3,1,13,179,70,19,5,12,55,79,13,4,4,1,4,13,10,5,4,2,3,2,0,0,0,0,1,2,1,1,3,1,1,0,0,0,61.18056,12.04951,2.8799,2993.87107,1.24343,0:10:51,0:05:15,0:02:14,0:00:17,0:00:04,0:00:00,0:00:00,0:00:00,23.28433,11.29002,4.79772,0.63636,0.16803,0.00358,0,0,0,0,0,0,0,0,0,0,5.17722,14.08545,25.19605,37.97531,48.63492,60,0,0
7935,,Session,0,8/15/2021,Centre Back,9:13:34,10:00:11,1629033214,1629036011,0:46:37,1:39:38,0:00:56,2313.25565,255.98497,140.86053,55.89016,76.52272,102.07464,188.75174,20.83106,27.78682,51.38212,5.49096,0.12102,45.37261,181,0,160.16803,12.68035,17.90107,0,0,0,0,0,0,0,0,0,0,0,4.17951,547.94402,851.89192,710.27994,175.54681,3.41207,0,0,0,23.68714,36.82654,30.70478,7.58873,0.1475,0,0,0,0:07:15,0:05:23,0:03:09,0:00:34,0:00:00,0:00:00,0:00:00,0:00:00,15.57294,11.551,6.764,1.22267,0.02145,0,0,0,0,101,57,13,1,0,0,0,0,8.17293,12.30998,13.402,3.40987,0,0,0,0,3.1,3.28,2.61,0.6,0,0,0,0,0.54681,1.34733,2.18833,3.40987,0,0,0,0,0.4,0.5,0.5,0.6,0,0,0,0,28.72704,39.96828,36.82631,3.40987,0,0,0,0,10.5,10.1,7,0.6,0,0,0,0,0,0,0,0,0,0,0,0,0,0,0,0,0,0,0,0,0,0,0,0,0,0,0,0,0,0,0,0,0,0,0,0,0,0,0,0,0,0,0,0,0,0,0,0,0,0,0,0,0,0,0,0,0,0,0,0,0,0,0,0,0,0,0,0,0,0,0,0,0,0,0,0,0,0,0,0,0,0,0,0,0,0,0,0,0,0,0,0,0,0,0,0,0,0,0,0,0,0,0,0,0,0,0,0,2,11,271,274,16,1,0,0.26247,2.78871,14.77472,953.54329,1291.9072,47.65967,1.92476,0,0.01135,0.12055,0.6387,41.22083,55.84801,2.06029,0.08321,0,0:00:00,0:00:02,0:00:12,0:08:55,0:09:18,0:00:12,0:00:00,0:00:00,0,0.07865,0.43616,19.14084,19.98098,0.45403,0.0143,0,0:15:26,0:00:21,0:01:05,0:01:43,0:00:04,0:00:00,0:00:00,0:00:00,33.13003,0.78294,2.33094,3.69661,0.1573,0,0,0,0,0,0,0,0,0,0,0,0:10:08,0:07:11,0:00:51,0:00:23,0:00:04,0:00:02,0:00:00,0:00:00,21.75778,15.42279,1.82328,0.85086,0.16445,0.07865,0.01073,0,0,0,0,0,0,0,0,0,0,0,0,0,0,0,0,0,1,3,3,3,0,0,0,0,0,0,2084,2084,2084,10,15,6,3,2,5,157,6,0,112,7,1,0,0:00:00,0,0,0,0,0,0,0,0,0,1,0,2,4,18,78,16,1,1,1,15,120,22,4,5,5,2,5,0,1,1,0,0,3,3,5,2,4,0,1,0,0,4,1,0,0,0,0,51.14346,10.2933,2.46016,2595.07307,1.22685,0:11:48,0:05:03,0:01:38,0:00:09,0:00:02,0:00:00,0:00:00,0:00:00,25.33284,10.83242,3.50713,0.33606,0.07508,0,0,0,0,0,0,0,0,0,0,0,4.45978,14.33702,24.30496,37.79365,46.78571,0,0,0
7935,,First Half,1,8/15/2021,Centre Back,9:13:34,10:00:11,1629033214,1629036011,0:46:37,0:46:37,0:00:00,2313.25565,255.98497,140.86053,55.89016,76.52272,102.07464,188.75174,20.83106,27.78682,51.38212,5.49096,0.12102,45.37261,181,0,160.16803,12.68035,17.90107,0,0,0,0,0,0,0,0,0,0,0,4.17951,547.94402,851.89192,710.27994,175.54681,3.41207,0,0,0,23.68714,36.82654,30.70478,7.58873,0.1475,0,0,0,0:07:15,0:05:23,0:03:09,0:00:34,0:00:00,0:00:00,0:00:00,0:00:00,15.57294,11.551,6.764,1.22267,0.02145,0,0,0,0,101,57,13,1,0,0,0,0,8.17293,12.30998,13.402,3.40987,0,0,0,0,3.1,3.28,2.61,0.6,0,0,0,0,0.54681,1.34733,2.18833,3.40987,0,0,0,0,0.4,0.5,0.5,0.6,0,0,0,0,28.72704,39.96828,36.82631,3.40987,0,0,0,0,10.5,10.1,7,0.6,0,0,0,0,0,0,0,0,0,0,0,0,0,0,0,0,0,0,0,0,0,0,0,0,0,0,0,0,0,0,0,0,0,0,0,0,0,0,0,0,0,0,0,0,0,0,0,0,0,0,0,0,0,0,0,0,0,0,0,0,0,0,0,0,0,0,0,0,0,0,0,0,0,0,0,0,0,0,0,0,0,0,0,0,0,0,0,0,0,0,0,0,0,0,0,0,0,0,0,0,0,0,0,0,0,0,0,0,2,11,271,274,16,1,0,0.26247,2.78871,14.77472,953.54329,1291.9072,47.65967,1.92476,0,0.01135,0.12055,0.6387,41.22083,55.84801,2.06029,0.08321,0,0:00:00,0:00:02,0:00:12,0:08:55,0:09:18,0:00:12,0:00:00,0:00:00,0,0.07865,0.43616,19.14084,19.98098,0.45403,0.0143,0,0:15:26,0:00:21,0:01:05,0:01:43,0:00:04,0:00:00,0:00:00,0:00:00,33.13003,0.78294,2.33094,3.69661,0.1573,0,0,0,0,0,0,0,0,0,0,0,0:10:08,0:07:11,0:00:51,0:00:23,0:00:04,0:00:02,0:00:00,0:00:00,21.75778,15.42279,1.82328,0.85086,0.16445,0.07865,0.01073,0,0,0,0,0,0,0,0,0,0,0,0,0,0,0,0,0,1,3,3,3,0,0,0,0,0,0,2084,2084,2084,10,15,6,3,2,5,157,6,0,112,7,1,0,0:00:00,0,0,0,0,0,0,0,0,0,1,0,2,4,18,78,16,1,1,1,15,120,22,4,5,5,2,5,0,1,1,0,0,3,3,5,2,4,0,1,0,0,4,1,0,0,0,0,51.14346,10.2933,2.46016,2595.07307,1.22685,0:11:48,0:05:03,0:01:38,0:00:09,0:00:02,0:00:00,0:00:00,0:00:00,25.33284,10.83242,3.50713,0.33606,0.07508,0,0,0,0,0,0,0,0,0,0,0,4.45978,14.33702,24.30496,37.79365,46.78571,0,0,0
6089,,Session,0,8/15/2021,Outside Back,9:13:34,10:00:11,1629033214,1629036011,0:46:37,1:39:38,0:00:56,1827.0029,185.28554,110.27501,46.6129,69.13824,70.81391,130.18704,25.59356,26.21386,48.19258,3.97444,0.11091,35.83516,0,0,0,17.19862,13.90937,0,0,0,0,0,0,0,0,0,0,0,5.15991,490.44181,726.53109,337.23753,115.21216,141.7651,0,0,0,26.84406,39.76628,18.45851,6.30607,7.75943,0,0,0,0:06:41,0:04:36,0:01:30,0:00:22,0:00:20,0:00:00,0:00:00,0:00:00,14.361,9.89575,3.21755,0.78651,0.73289,0,0,0,0,65,33,11,7,0,0,0,0,11.17329,10.21916,10.40164,20.25278,0,0,0,0,4.26,2.73,1.98,2.93,0,0,0,0,0.34442,0.89777,2.6542,5.35543,0,0,0,0,0.4,0.5,0.6,0.9,0,0,0,0,45.8837,25.88691,35.36194,49.06388,0,0,0,0,16,5.9,6.4,6.5,0,0,0,0,0,0,0,0,0,0,0,0,0,0,0,0,0,0,0,0,0,0,0,0,0,0,0,0,0,0,0,0,0,0,0,0,0,0,0,0,0,0,0,0,0,0,0,0,0,0,0,0,0,0,0,0,0,0,0,0,0,0,0,0,0,0,0,0,0,0,0,0,0,0,0,0,0,0,0,0,0,0,0,0,0,0,0,0,0,0,0,0,0,0,0,0,0,0,0,0,0,0,0,0,0,0,0,0,0,9,198,212,14,1,0,1.43263,3.9042,19.95844,761.17675,989.74193,46.80665,3.41207,0,0.07841,0.21369,1.09241,41.66259,54.17298,2.56194,0.18676,0,0:00:00,0:00:01,0:00:09,0:07:04,0:07:07,0:00:10,0:00:00,0:00:00,0.01073,0.05005,0.35393,15.16896,15.26906,0.38968,0.0286,0,0:14:36,0:00:00,0:00:00,0:00:00,0:00:00,0:00:00,0:00:00,0:00:00,31.31748,0,0,0,0,0,0,0,0,0,0,0,0,0,0,0,0:09:00,0:04:40,0:00:16,0:00:13,0:00:07,0:00:10,0:00:04,0:00:01,19.31245,10.02803,0.59346,0.46476,0.27885,0.37896,0.16445,0.06078,0,0,0,0,0,0,0,0,0,0,0,0,0,0,0,0,2,3,3,3,2.5,2.6,2.7,0,0.33333,1,36,1017.5,1999,7,2,2,5,0,0,47,10,4,64,5,1,0,0:00:00,0,0,0,0,0,0,0,0,0,0,0,0,3,16,45,3,2,3,0,4,27,16,4,0,0,0,4,1,0,0,0,2,7,1,2,1,1,0,0,1,0,0,0,1,1,2,0,73.59132,8.06846,1.92841,2051.99114,1.22829,0:09:37,0:03:47,0:00:47,0:00:12,0:00:09,0:00:01,0:00:00,0:00:00,20.63164,8.13325,1.70888,0.43973,0.35036,0.03575,0,0,0,0,0,0,0,0,0,0,4.90996,13.29567,25.37961,39.48824,49.94215,64.57143,0,0
6089,,First Half,1,8/15/2021,Outside Back,9:13:34,10:00:11,1629033214,1629036011,0:46:37,0:46:37,0:00:00,1827.0029,185.28554,110.27501,46.6129,69.13824,70.81391,130.18704,25.59356,26.21386,48.19258,3.97444,0.11091,35.83516,0,0,0,17.19862,13.90937,0,0,0,0,0,0,0,0,0,0,0,5.15991,490.44181,726.53109,337.23753,115.21216,141.7651,0,0,0,26.84406,39.76628,18.45851,6.30607,7.75943,0,0,0,0:06:41,0:04:36,0:01:30,0:00:22,0:00:20,0:00:00,0:00:00,0:00:00,14.361,9.89575,3.21755,0.78651,0.73289,0,0,0,0,65,33,11,7,0,0,0,0,11.17329,10.21916,10.40164,20.25278,0,0,0,0,4.26,2.73,1.98,2.93,0,0,0,0,0.34442,0.89777,2.6542,5.35543,0,0,0,0,0.4,0.5,0.6,0.9,0,0,0,0,45.8837,25.88691,35.36194,49.06388,0,0,0,0,16,5.9,6.4,6.5,0,0,0,0,0,0,0,0,0,0,0,0,0,0,0,0,0,0,0,0,0,0,0,0,0,0,0,0,0,0,0,0,0,0,0,0,0,0,0,0,0,0,0,0,0,0,0,0,0,0,0,0,0,0,0,0,0,0,0,0,0,0,0,0,0,0,0,0,0,0,0,0,0,0,0,0,0,0,0,0,0,0,0,0,0,0,0,0,0,0,0,0,0,0,0,0,0,0,0,0,0,0,0,0,0,0,0,0,0,9,198,212,14,1,0,1.43263,3.9042,19.95844,761.17675,989.74193,46.80665,3.41207,0,0.07841,0.21369,1.09241,41.66259,54.17298,2.56194,0.18676,0,0:00:00,0:00:01,0:00:09,0:07:04,0:07:07,0:00:10,0:00:00,0:00:00,0.01073,0.05005,0.35393,15.16896,15.26906,0.38968,0.0286,0,0:14:36,0:00:00,0:00:00,0:00:00,0:00:00,0:00:00,0:00:00,0:00:00,31.31748,0,0,0,0,0,0,0,0,0,0,0,0,0,0,0,0:09:00,0:04:40,0:00:16,0:00:13,0:00:07,0:00:10,0:00:04,0:00:01,19.31245,10.02803,0.59346,0.46476,0.27885,0.37896,0.16445,0.06078,0,0,0,0,0,0,0,0,0,0,0,0,0,0,0,0,2,3,3,3,2.5,2.6,2.7,0,0.33333,1,36,1017.5,1999,7,2,2,5,0,0,47,10,4,64,5,1,0,0:00:00,0,0,0,0,0,0,0,0,0,0,0,0,3,16,45,3,2,3,0,4,27,16,4,0,0,0,4,1,0,0,0,2,7,1,2,1,1,0,0,1,0,0,0,1,1,2,0,73.59132,8.06846,1.92841,2051.99114,1.22829,0:09:37,0:03:47,0:00:47,0:00:12,0:00:09,0:00:01,0:00:00,0:00:00,20.63164,8.13325,1.70888,0.43973,0.35036,0.03575,0,0,0,0,0,0,0,0,0,0,4.90996,13.29567,25.37961,39.48824,49.94215,64.57143,0,0
,,Session,0,8/15/2021,Midfielder,9:13:34,10:00:11,1629033214,1629036011,0:46:37,1:39:38,0:00:56,2431.47082,251.158,149.73395,55.0111,74.06364,113.5926,173.22487,20.523,31.47646,48.00054,5.38742,0.11296,47.69131,0,0,0,14.50896,19.53624,0,0,0,0,0,0,0,0,0,0,0,4.38948,571.59884,875.16404,673.84074,260.09405,34.68941,0,0,0,23.50836,35.9932,27.7133,10.69698,1.42668,0,0,0,0:07:23,0:05:39,0:02:57,0:00:50,0:00:05,0:00:00,0:00:00,0:00:00,15.85894,12.13016,6.34572,1.79825,0.19663,0,0,0,0,86,49,17,3,0,0,0,0,10.10296,13.57711,15.29952,11.56136,0,0,0,0,3.92,3.58,2.96,1.83,0,0,0,0,0.63428,1.07279,2.67723,3.17057,0,0,0,0,0.4,0.4,0.6,0.6,0,0,0,0,39.28584,41.64702,26.82196,17.83573,0,0,0,0,14.7,9.7,5.5,2.7,0,0,0,0,0,0,0,0,0,0,0,0,0,0,0,0,0,0,0,0,0,0,0,0,0,0,0,0,0,0,0,0,0,0,0,0,0,0,0,0,0,0,0,0,0,0,0,0,0,0,0,0,0,0,0,0,0,0,0,0,0,0,0,0,0,0,0,0,0,0,0,0,0,0,0,0,0,0,0,0,0,0,0,0,0,0,0,0,0,0,0,0,0,0,0,0,0,0,0,0,0,0,0,0,0,0,0,0,1,9,264,264,5,0,0,1.14829,1.82633,12.7734,942.79312,1448.60015,20.36308,1.82633,1.04987,0.04723,0.07511,0.52534,38.7746,59.57711,0.83748,0.07511,0.04318,0:00:00,0:00:00,0:00:10,0:08:28,0:09:56,0:00:05,0:00:00,0:00:00,0.00715,0.0286,0.36466,18.17915,21.3395,0.17875,0.01073,0.00358,0:18:42,0:00:00,0:00:00,0:00:00,0:00:00,0:00:00,0:00:00,0:00:00,40.11211,0,0,0,0,0,0,0,0,0,0,0,0,0,0,0,0:10:24,0:06:52,0:00:54,0:00:23,0:00:03,0:00:02,0:00:00,0:00:00,22.32264,14.7614,1.93768,0.83299,0.13228,0.10368,0.01788,0,0,0,0,0,0,0,0,0,0,0,0,0,0,0,0,0,0,0,0,0,0,0,0,0,0,0,0,0,0,5,3,0,5,2,1,82,3,0,37,2,0,0,0:00:00,0,0,0,0,0,0,0,0,0,0,0,4,0,9,24,4,3,0,2,2,57,23,1,2,1,0,2,0,1,0,1,0,2,1,0,0,0,0,0,0,0,0,1,0,0,0,0,90.33311,10.66649,2.54935,2674.55201,1.20294,0:11:47,0:05:04,0:01:40,0:00:07,0:00:01,0:00:00,0:00:00,0:00:00,25.30066,10.87174,3.58935,0.2574,0.04648,0.0286,0,0,0,0,0,0,0,0,0,0,4.96059,14.18489,24.48736,38.58696,48.09524,70.27273,0,0
,,First Half,1,8/15/2021,Midfielder,9:13:34,10:00:11,1629033214,1629036011,0:46:37,0:46:37,0:00:00,2431.47082,251.158,149.73395,55.0111,74.06364,113.5926,173.22487,20.523,31.47646,48.00054,5.38742,0.11296,47.69131,0,0,0,14.50896,19.53624,0,0,0,0,0,0,0,0,0,0,0,4.38948,571.59884,875.16404,673.84074,260.09405,34.68941,0,0,0,23.50836,35.9932,27.7133,10.69698,1.42668,0,0,0,0:07:23,0:05:39,0:02:57,0:00:50,0:00:05,0:00:00,0:00:00,0:00:00,15.85894,12.13016,6.34572,1.79825,0.19663,0,0,0,0,86,49,17,3,0,0,0,0,10.10296,13.57711,15.29952,11.56136,0,0,0,0,3.92,3.58,2.96,1.83,0,0,0,0,0.63428,1.07279,2.67723,3.17057,0,0,0,0,0.4,0.4,0.6,0.6,0,0,0,0,39.28584,41.64702,26.82196,17.83573,0,0,0,0,14.7,9.7,5.5,2.7,0,0,0,0,0,0,0,0,0,0,0,0,0,0,0,0,0,0,0,0,0,0,0,0,0,0,0,0,0,0,0,0,0,0,0,0,0,0,0,0,0,0,0,0,0,0,0,0,0,0,0,0,0,0,0,0,0,0,0,0,0,0,0,0,0,0,0,0,0,0,0,0,0,0,0,0,0,0,0,0,0,0,0,0,0,0,0,0,0,0,0,0,0,0,0,0,0,0,0,0,0,0,0,0,0,0,0,0,1,9,264,264,5,0,0,1.14829,1.82633,12.7734,942.79312,1448.60015,20.36308,1.82633,1.04987,0.04723,0.07511,0.52534,38.7746,59.57711,0.83748,0.07511,0.04318,0:00:00,0:00:00,0:00:10,0:08:28,0:09:56,0:00:05,0:00:00,0:00:00,0.00715,0.0286,0.36466,18.17915,21.3395,0.17875,0.01073,0.00358,0:18:42,0:00:00,0:00:00,0:00:00,0:00:00,0:00:00,0:00:00,0:00:00,40.11211,0,0,0,0,0,0,0,0,0,0,0,0,0,0,0,0:10:24,0:06:52,0:00:54,0:00:23,0:00:03,0:00:02,0:00:00,0:00:00,22.32264,14.7614,1.93768,0.83299,0.13228,0.10368,0.01788,0,0,0,0,0,0,0,0,0,0,0,0,0,0,0,0,0,0,0,0,0,0,0,0,0,0,0,0,0,0,5,3,0,5,2,1,82,3,0,37,2,0,0,0:00:00,0,0,0,0,0,0,0,0,0,0,0,4,0,9,24,4,3,0,2,2,57,23,1,2,1,0,2,0,1,0,1,0,2,1,0,0,0,0,0,0,0,0,1,0,0,0,0,90.33311,10.66649,2.54935,2674.55201,1.20294,0:11:47,0:05:04,0:01:40,0:00:07,0:00:01,0:00:00,0:00:00,0:00:00,25.30066,10.87174,3.58935,0.2574,0.04648,0.0286,0,0,0,0,0,0,0,0,0,0,4.96059,14.18489,24.48736,38.58696,48.09524,70.27273,0,0
11207,,Session,0,8/15/2021,Midfielder,9:13:34,10:00:11,1629033214,1629036011,0:46:37,1:39:38,0:00:56,2250.09628,240.60291,145.31207,44.40009,74.13697,108.89626,166.10513,21.23427,31.19,47.57573,5.16101,0.11694,44.13379,96,0,66.95561,14.10896,21.52949,0,0,0,0,0,0,0,0,0,0,0,5.63102,415.27779,805.93833,716.46983,266.89633,32.64436,0,0,0,18.456,35.81795,31.84174,11.86155,1.4508,0,0,0,0:04:53,0:05:05,0:03:04,0:00:53,0:00:05,0:00:00,0:00:00,0:00:00,10.49994,10.90749,6.58525,1.90193,0.18948,0,0,0,0,88,50,23,5,0,0,0,0,8.93652,14.09641,11.53723,6.52778,0,0,0,0,3.38,3.63,2.3,1.06,0,0,0,0,0.61783,0.80059,2.6564,2.39281,0,0,0,0,0.4,0.4,0.6,0.4,0,0,0,0,41.43155,33.7817,38.27426,11.65462,0,0,0,0,14.9,8.5,7.6,1.8,0,0,0,0,0,0,0,0,0,0,0,0,0,0,0,0,0,0,0,0,0,0,0,0,0,0,0,0,0,0,0,0,0,0,0,0,0,0,0,0,0,0,0,0,0,0,0,0,0,0,0,0,0,0,0,0,0,0,0,0,0,0,0,0,0,0,0,0,0,0,0,0,0,0,0,0,0,0,0,0,0,0,0,0,0,0,0,0,0,0,0,0,0,0,0,0,0,0,0,0,0,0,0,0,0,0,0,1,0,12,205,211,13,1,0,2.2091,5.40245,20.37401,832.89586,1346.48948,37.51094,3.65267,0,0.09818,0.2401,0.90547,37.01601,59.84142,1.66708,0.16233,0,0:00:00,0:00:02,0:00:12,0:06:49,0:07:52,0:00:09,0:00:00,0:00:00,0.03218,0.08223,0.45403,14.63627,16.90643,0.32175,0.0286,0,0:15:09,0:00:00,0:00:00,0:00:00,0:00:00,0:00:00,0:00:00,0:00:00,32.49725,0,0,0,0,0,0,0,0,0,0,0,0,0,0,0,0:07:10,0:06:32,0:00:53,0:00:20,0:00:06,0:00:03,0:00:01,0:00:00,15.40134,14.01421,1.90908,0.71501,0.23238,0.1287,0.05005,0.00715,0,0,0,0,0,0,0,0,0,0,0,0,0,0,0,0,1,3,3,3,0.8,0.8,0.8,0,0,0,2466,2466,2466,2,4,0,12,3,0,132,7,1,69,10,1,0,0:00:00,0,0,0,0,0,0,0,0,0,0,0,0,2,16,42,11,5,0,7,17,103,12,0,0,2,5,3,2,0,1,2,1,2,4,2,0,0,0,0,1,0,0,0,0,1,0,0,95.12372,10.08624,2.41067,2543.80808,1.23637,0:08:07,0:05:02,0:01:39,0:00:13,0:00:04,0:00:00,0:00:00,0:00:00,17.43197,10.82884,3.54288,0.48978,0.1573,0.0143,0,0,0,0,0,0,0,0,0,0,5.31675,14.27037,24.40123,39.01149,49.26316,82.16667,0,0
11207,,First Half,1,8/15/2021,Midfielder,9:13:34,10:00:11,1629033214,1629036011,0:46:37,0:46:37,0:00:00,2250.09628,240.60291,145.31207,44.40009,74.13697,108.89626,166.10513,21.23427,31.19,47.57573,5.16101,0.11694,44.13379,96,0,66.95561,14.10896,21.52949,0,0,0,0,0,0,0,0,0,0,0,5.63102,415.27779,805.93833,716.46983,266.89633,32.64436,0,0,0,18.456,35.81795,31.84174,11.86155,1.4508,0,0,0,0:04:53,0:05:05,0:03:04,0:00:53,0:00:05,0:00:00,0:00:00,0:00:00,10.49994,10.90749,6.58525,1.90193,0.18948,0,0,0,0,88,50,23,5,0,0,0,0,8.93652,14.09641,11.53723,6.52778,0,0,0,0,3.38,3.63,2.3,1.06,0,0,0,0,0.61783,0.80059,2.6564,2.39281,0,0,0,0,0.4,0.4,0.6,0.4,0,0,0,0,41.43155,33.7817,38.27426,11.65462,0,0,0,0,14.9,8.5,7.6,1.8,0,0,0,0,0,0,0,0,0,0,0,0,0,0,0,0,0,0,0,0,0,0,0,0,0,0,0,0,0,0,0,0,0,0,0,0,0,0,0,0,0,0,0,0,0,0,0,0,0,0,0,0,0,0,0,0,0,0,0,0,0,0,0,0,0,0,0,0,0,0,0,0,0,0,0,0,0,0,0,0,0,0,0,0,0,0,0,0,0,0,0,0,0,0,0,0,0,0,0,0,0,0,0,0,0,0,0,1,0,12,205,211,13,1,0,2.2091,5.40245,20.37401,832.89586,1346.48948,37.51094,3.65267,0,0.09818,0.2401,0.90547,37.01601,59.84142,1.66708,0.16233,0,0:00:00,0:00:02,0:00:12,0:06:49,0:07:52,0:00:09,0:00:00,0:00:00,0.03218,0.08223,0.45403,14.63627,16.90643,0.32175,0.0286,0,0:15:09,0:00:00,0:00:00,0:00:00,0:00:00,0:00:00,0:00:00,0:00:00,32.49725,0,0,0,0,0,0,0,0,0,0,0,0,0,0,0,0:07:10,0:06:32,0:00:53,0:00:20,0:00:06,0:00:03,0:00:01,0:00:00,15.40134,14.01421,1.90908,0.71501,0.23238,0.1287,0.05005,0.00715,0,0,0,0,0,0,0,0,0,0,0,0,0,0,0,0,1,3,3,3,0.8,0.8,0.8,0,0,0,2466,2466,2466,2,4,0,12,3,0,132,7,1,69,10,1,0,0:00:00,0,0,0,0,0,0,0,0,0,0,0,0,2,16,42,11,5,0,7,17,103,12,0,0,2,5,3,2,0,1,2,1,2,4,2,0,0,0,0,1,0,0,0,0,1,0,0,95.12372,10.08624,2.41067,2543.80808,1.23637,0:08:07,0:05:02,0:01:39,0:00:13,0:00:04,0:00:00,0:00:00,0:00:00,17.43197,10.82884,3.54288,0.48978,0.1573,0.0143,0,0,0,0,0,0,0,0,0,0,5.31675,14.27037,24.40123,39.01149,49.26316,82.16667,0,0
,,Session,0,8/15/2021,Outside Back,9:13:34,10:00:11,1629033214,1629036011,0:46:37,1:39:38,0:00:56,2210.17259,301.18817,192.9548,82.57424,114.38154,130.81275,199.92353,25.69691,29.38834,44.91474,6.46059,0.14903,43.35072,0,0,0,15.92383,16.49139,0,0,0,0,0,0,0,0,0,0,0,6.37656,618.49299,821.95973,418.67891,196.42389,131.86789,0,0,0,27.98392,37.18984,18.94327,8.88726,5.96641,0,0,0,0:08:12,0:05:14,0:01:52,0:00:39,0:00:19,0:00:00,0:00:00,0:00:00,17.58927,11.25427,4.03624,1.39785,0.70429,0,0,0,0,94,51,23,6,0,0,0,0,8.7442,8.19058,8.42201,21.97802,0,0,0,0,3.35,2.21,1.67,3.28,0,0,0,0,0.78523,1.15262,2.26272,11.28283,0,0,0,0,0.6,0.4,0.5,1.8,0,0,0,0,36.50702,31.48944,18.88015,29.47296,0,0,0,0,14.1,7.9,3.4,4.3,0,0,0,0,0,0,0,0,0,0,0,0,0,0,0,0,0,0,0,0,0,0,0,0,0,0,0,0,0,0,0,0,0,0,0,0,0,0,0,0,0,0,0,0,0,0,0,0,0,0,0,0,0,0,0,0,0,0,0,0,0,0,0,0,0,0,0,0,0,0,0,0,0,0,0,0,0,0,0,0,0,0,0,0,0,0,0,0,0,0,0,0,0,0,0,0,0,0,0,0,0,0,0,0,0,0,0,0,3,13,265,271,20,5,0,0.19685,10.1378,33.23491,875.18594,1208.74894,64.0748,18.20866,0,0.00891,0.45869,1.50372,39.59808,54.69025,2.89909,0.82386,0,0:00:00,0:00:03,0:00:16,0:09:00,0:08:23,0:00:14,0:00:03,0:00:00,0,0.13943,0.58988,19.33032,18.0147,0.51123,0.12155,0,0:18:03,0:00:00,0:00:00,0:00:00,0:00:00,0:00:00,0:00:00,0:00:00,38.71784,0,0,0,0,0,0,0,0,0,0,0,0,0,0,0,0:09:31,0:05:41,0:01:14,0:00:37,0:00:21,0:00:16,0:00:11,0:00:04,20.42071,12.19451,2.66342,1.35495,0.75791,0.57558,0.39683,0.17518,0,0,0,0,0,0,0,0,0,0,0,0,0,0,0,0,3,3,3.33333,4,1.3,2.725,4,0,1.9,9,34,816.33331,2031,6,4,3,4,3,0,60,6,0,114,16,4,0,0:00:00,0,0,0,0,0,0,0,0,0,0,0,1,3,35,74,5,2,1,1,1,42,17,2,1,1,8,6,2,2,0,1,0,3,3,2,0,2,1,3,0,0,0,0,0,0,0,1,83.94913,10.16105,2.42855,2569.17879,1.27125,0:12:19,0:03:55,0:01:16,0:00:15,0:00:11,0:00:04,0:00:00,0:00:00,26.4268,8.41568,2.72419,0.56843,0.39326,0.1716,0,0,0,0,0,0,0,0,0,0,4.76185,13.79443,25.65251,38.47297,51.11806,67.59322,0,0
,,First Half,1,8/15/2021,Outside Back,9:13:34,10:00:11,1629033214,1629036011,0:46:37,0:46:37,0:00:00,2210.17259,301.18817,192.9548,82.57424,114.38154,130.81275,199.92353,25.69691,29.38834,44.91474,6.46059,0.14903,43.35072,0,0,0,15.92383,16.49139,0,0,0,0,0,0,0,0,0,0,0,6.37656,618.49299,821.95973,418.67891,196.42389,131.86789,0,0,0,27.98392,37.18984,18.94327,8.88726,5.96641,0,0,0,0:08:12,0:05:14,0:01:52,0:00:39,0:00:19,0:00:00,0:00:00,0:00:00,17.58927,11.25427,4.03624,1.39785,0.70429,0,0,0,0,94,51,23,6,0,0,0,0,8.7442,8.19058,8.42201,21.97802,0,0,0,0,3.35,2.21,1.67,3.28,0,0,0,0,0.78523,1.15262,2.26272,11.28283,0,0,0,0,0.6,0.4,0.5,1.8,0,0,0,0,36.50702,31.48944,18.88015,29.47296,0,0,0,0,14.1,7.9,3.4,4.3,0,0,0,0,0,0,0,0,0,0,0,0,0,0,0,0,0,0,0,0,0,0,0,0,0,0,0,0,0,0,0,0,0,0,0,0,0,0,0,0,0,0,0,0,0,0,0,0,0,0,0,0,0,0,0,0,0,0,0,0,0,0,0,0,0,0,0,0,0,0,0,0,0,0,0,0,0,0,0,0,0,0,0,0,0,0,0,0,0,0,0,0,0,0,0,0,0,0,0,0,0,0,0,0,0,0,0,0,3,13,265,271,20,5,0,0.19685,10.1378,33.23491,875.18594,1208.74894,64.0748,18.20866,0,0.00891,0.45869,1.50372,39.59808,54.69025,2.89909,0.82386,0,0:00:00,0:00:03,0:00:16,0:09:00,0:08:23,0:00:14,0:00:03,0:00:00,0,0.13943,0.58988,19.33032,18.0147,0.51123,0.12155,0,0:18:03,0:00:00,0:00:00,0:00:00,0:00:00,0:00:00,0:00:00,0:00:00,38.71784,0,0,0,0,0,0,0,0,0,0,0,0,0,0,0,0:09:31,0:05:41,0:01:14,0:00:37,0:00:21,0:00:16,0:00:11,0:00:04,20.42071,12.19451,2.66342,1.35495,0.75791,0.57558,0.39683,0.17518,0,0,0,0,0,0,0,0,0,0,0,0,0,0,0,0,3,3,3.33333,4,1.3,2.725,4,0,1.9,9,34,816.33331,2031,6,4,3,4,3,0,60,6,0,114,16,4,0,0:00:00,0,0,0,0,0,0,0,0,0,0,0,1,3,35,74,5,2,1,1,1,42,17,2,1,1,8,6,2,2,0,1,0,3,3,2,0,2,1,3,0,0,0,0,0,0,0,1,83.94913,10.16105,2.42855,2569.17879,1.27125,0:12:19,0:03:55,0:01:16,0:00:15,0:00:11,0:00:04,0:00:00,0:00:00,26.4268,8.41568,2.72419,0.56843,0.39326,0.1716,0,0,0,0,0,0,0,0,0,0,4.76185,13.79443,25.65251,38.47297,51.11806,67.59322,0,0
10340,,Session,0,8/15/2021,Forward,9:13:34,10:00:11,1629033214,1629036011,0:46:37,1:39:38,0:00:56,74.22441,3.2912,2.53074,3.2783,1.48028,1.64364,1.62014,31.20283,34.64627,34.1509,0.0706,0.04849,1.45585,92,0,79.65166,6.91869,0.57772,0,0,0,0,0,0,0,0,0,0,0,0.40733,24.49694,3.09493,0,0,0,0,0,0,33.00388,4.16969,0,0,0,0,0,0,0:00:26,0:00:01,0:00:00,0:00:00,0:00:00,0:00:00,0:00:00,0:00:00,0.94381,0.0572,0,0,0,0,0,0,0,2,0,0,0,0,0,0,0,1.5502,0,0,0,0,0,0,0,0.8,0,0,0,0,0,0,0,1.01268,0,0,0,0,0,0,0,0.4,0,0,0,0,0,0,0,2.08771,0,0,0,0,0,0,0,1.2,0,0,0,0,0,0,0,0,0,0,0,0,0,0,0,0,0,0,0,0,0,0,0,0,0,0,0,0,0,0,0,0,0,0,0,0,0,0,0,0,0,0,0,0,0,0,0,0,0,0,0,0,0,0,0,0,0,0,0,0,0,0,0,0,0,0,0,0,0,0,0,0,0,0,0,0,0,0,0,0,0,0,0,0,0,0,0,0,0,0,0,0,0,0,0,0,0,0,0,0,0,0,0,0,0,0,0,0,0,0,0,0,0,54,60,1,0,0,0,0.14217,0.37183,17.26815,54.49475,1.13736,0.79834,0,0,0.19154,0.50095,23.26479,73.41891,1.53232,1.07557,0,0:00:00,0:00:00,0:00:00,0:01:20,0:14:19,0:00:00,0:00:00,0:00:00,0,0.00358,0.02503,2.87434,30.71329,0.02503,0.00715,0,0:15:42,0:00:00,0:00:00,0:00:00,0:00:00,0:00:00,0:00:00,0:00:00,33.67702,0,0,0,0,0,0,0,0,0,0,0,0,0,0,0,0:15:42,0:00:00,0:00:00,0:00:00,0:00:00,0:00:00,0:00:00,0:00:00,33.67702,0,0,0,0,0,0,0,0,0,0,0,0,0,0,0,0,0,0,0,0,0,0,0,0,0,0,0,0,0,0,0,0,0,0,0,0,0,0,0,0,0,0,0,0,0,0,0,0,0,0:00:00,0,0,0,0,0,0,0,0,0,0,0,0,0,0,0,0,0,0,0,0,0,0,0,0,0,0,0,0,0,0,0,0,0,0,0,0,0,0,0,0,0,0,0,0,0,0,0,43.70685,0.16639,0.03977,93.81171,1.38221,0:15:39,0:00:01,0:00:00,0:00:00,0:00:00,0:00:00,0:00:00,0:00:00,33.59479,0.03933,0.01788,0.0143,0,0,0,0,0,0,0,0,0,0,0,0,0.12833,13.26316,26.5,36.57143,0,0,0,0
10340,,First Half,1,8/15/2021,Forward,9:13:34,10:00:11,1629033214,1629036011,0:46:37,0:46:37,0:00:00,74.22441,3.2912,2.53074,3.2783,1.48028,1.64364,1.62014,31.20283,34.64627,34.1509,0.0706,0.04849,1.45585,92,0,79.65166,6.91869,0.57772,0,0,0,0,0,0,0,0,0,0,0,0.40733,24.49694,3.09493,0,0,0,0,0,0,33.00388,4.16969,0,0,0,0,0,0,0:00:26,0:00:01,0:00:00,0:00:00,0:00:00,0:00:00,0:00:00,0:00:00,0.94381,0.0572,0,0,0,0,0,0,0,2,0,0,0,0,0,0,0,1.5502,0,0,0,0,0,0,0,0.8,0,0,0,0,0,0,0,1.01268,0,0,0,0,0,0,0,0.4,0,0,0,0,0,0,0,2.08771,0,0,0,0,0,0,0,1.2,0,0,0,0,0,0,0,0,0,0,0,0,0,0,0,0,0,0,0,0,0,0,0,0,0,0,0,0,0,0,0,0,0,0,0,0,0,0,0,0,0,0,0,0,0,0,0,0,0,0,0,0,0,0,0,0,0,0,0,0,0,0,0,0,0,0,0,0,0,0,0,0,0,0,0,0,0,0,0,0,0,0,0,0,0,0,0,0,0,0,0,0,0,0,0,0,0,0,0,0,0,0,0,0,0,0,0,0,0,0,0,0,0,54,60,1,0,0,0,0.14217,0.37183,17.26815,54.49475,1.13736,0.79834,0,0,0.19154,0.50095,23.26479,73.41891,1.53232,1.07557,0,0:00:00,0:00:00,0:00:00,0:01:20,0:14:19,0:00:00,0:00:00,0:00:00,0,0.00358,0.02503,2.87434,30.71329,0.02503,0.00715,0,0:15:42,0:00:00,0:00:00,0:00:00,0:00:00,0:00:00,0:00:00,0:00:00,33.67702,0,0,0,0,0,0,0,0,0,0,0,0,0,0,0,0:15:42,0:00:00,0:00:00,0:00:00,0:00:00,0:00:00,0:00:00,0:00:00,33.67702,0,0,0,0,0,0,0,0,0,0,0,0,0,0,0,0,0,0,0,0,0,0,0,0,0,0,0,0,0,0,0,0,0,0,0,0,0,0,0,0,0,0,0,0,0,0,0,0,0,0:00:00,0,0,0,0,0,0,0,0,0,0,0,0,0,0,0,0,0,0,0,0,0,0,0,0,0,0,0,0,0,0,0,0,0,0,0,0,0,0,0,0,0,0,0,0,0,0,0,43.70685,0.16639,0.03977,93.81171,1.38221,0:15:39,0:00:01,0:00:00,0:00:00,0:00:00,0:00:00,0:00:00,0:00:00,33.59479,0.03933,0.01788,0.0143,0,0,0,0,0,0,0,0,0,0,0,0,0.12833,13.26316,26.5,36.57143,0,0,0,0
,,Session,0,8/15/2021,Defender,8:59:46,11:19:07,1629032386,1629040747,1:42:35,1:42:35,0:00:56,10959.17264,1088.04134,613.9352,272.69208,369.92691,410.33721,789.87882,23.56008,26.13375,50.30617,10.60547,0.10858,97.67836,191,0,161.45504,15.90418,75.34027,0,0,0,0,0,0,0,0,0,0,0,6.36659,3179.91024,4137.95937,2391.4042,858.31145,263.82327,0,0,0,29.01597,37.75795,21.82103,7.8319,2.40733,0,0,0,0:42:16,0:26:26,0:10:33,0:02:48,0:00:40,0:00:00,0:00:00,0:00:00,41.21159,25.78161,10.2964,2.74224,0.65957,0,0,0,0,438,225,76,18,0,0,0,0,9.41118,10.59368,11.22535,14.6565,0,0,0,0,3.60836,2.80671,2.20447,2.25611,0,0,0,0,0.37192,0.86827,1.56913,3.53075,0,0,0,0,0.4,0.4,0.4,0.6,0,0,0,0,40.30243,39.05502,36.29376,38.58404,0,0,0,0,14.9,9.9,6.8,5.8,0,0,0,0,0,0,0,0,0,0,0,0,0,0,0,0,0,0,0,0,0,0,0,0,0,0,0,0,0,0,0,0,0,0,0,0,0,0,0,0,0,0,0,0,0,0,0,0,0,0,0,0,0,0,0,0,0,0,0,0,0,0,0,0,0,0,0,0,0,0,0,0,0,0,0,0,0,0,0,0,0,0,0,0,0,0,0,0,0,0,0,0,0,0,0,0,0,0,0,0,0,0,0,0,0,0,0,1,9,48,1307,1333,74,4,0,3.58705,20.12248,88.72485,4543.11018,6085.01762,203.55424,13.2874,0,0.03273,0.18361,0.80959,41.45486,55.52443,1.85739,0.12124,0,0:00:01,0:00:10,0:00:56,0:46:56,0:53:32,0:00:51,0:00:02,0:00:00,0.02274,0.17545,0.91625,45.75546,52.1838,0.83177,0.04386,0,1:34:32,0:00:00,0:01:35,0:02:38,0:03:48,0:00:00,0:00:00,0:00:00,92.14774,0,1.55145,2.56841,3.7186,0,0,0,0,0,0,0,0,0,0,0,1:10:28,0:25:43,0:03:18,0:01:25,0:00:39,0:00:22,0:00:16,0:00:11,68.70223,25.07006,3.21823,1.38249,0.64332,0.36065,0.27292,0.1917,0,0,0,0,0,0,0,0,0,0,0,0,0,0,0,0,6,3,3.83333,6,0,1.47609,3.4,0,1.47826,17,0,203.5,408,36,24,11,64,30,17,309,40,3,421,32,11,0,0:00:00,0,0,0,0,0,0,0,0,1,2,2,12,13,63,263,95,12,21,31,46,191,72,11,6,12,12,15,5,11,9,10,11,19,10,6,5,5,7,2,2,6,4,7,0,2,1,1,65.19399,48.51026,11.59423,12218.47571,1.21928,1:13:02,0:22:11,0:05:53,0:01:01,0:00:21,0:00:01,0:00:00,0:00:00,71.20241,21.63576,5.73954,0.99585,0.35578,0.02437,0,0,0,0,0,0,0,0,0,0,4.10817,13.95308,24.7294,38.8023,49.45848,61.08,0,0
,,Warm Up,1,8/15/2021,Defender,8:59:46,9:02:43,1629032386,1629032563,0:02:57,0:02:57,0:00:00,175.50418,17.54481,10.12503,7.37398,5.82136,7.00443,12.67121,22.83154,27.47158,49.69688,5.94605,0.10933,54.38805,0,0,0,10.58547,1.23236,0,0,0,0,0,0,0,0,0,0,0,2.6726,51.61855,69.73972,27.67935,8.00525,0,0,0,0,29.41158,39.73679,15.77134,4.56129,0,0,0,0,0:00:48,0:00:29,0:00:07,0:00:01,0:00:00,0:00:00,0:00:00,0:00:00,27.56439,16.54993,4.46227,1.01672,0,0,0,0,0,12,6,2,0,0,0,0,0,4.93967,4.61303,4.00046,0,0,0,0,0,2.15,1.32,0.9,0,0,0,0,0,1.50699,4.10759,3.47772,0,0,0,0,0,0.7,1.2,0.8,0,0,0,0,0,11.08051,5.34008,4.5232,0,0,0,0,0,4.9,1.4,1,0,0,0,0,0,0,0,0,0,0,0,0,0,0,0,0,0,0,0,0,0,0,0,0,0,0,0,0,0,0,0,0,0,0,0,0,0,0,0,0,0,0,0,0,0,0,0,0,0,0,0,0,0,0,0,0,0,0,0,0,0,0,0,0,0,0,0,0,0,0,0,0,0,0,0,0,0,0,0,0,0,0,0,0,0,0,0,0,0,0,0,0,0,0,0,0,0,0,0,0,0,0,0,0,0,0,0,0,0,0,3,41,49,6,0,0,0,2.39501,6.13517,62.91557,86.63605,13.79046,2.50437,0,0,1.36465,3.49574,35.84848,49.36409,7.85763,1.42696,0,0:00:00,0:00:01,0:00:03,0:01:20,0:01:27,0:00:03,0:00:00,0:00:00,0,0.56484,1.8075,45.18753,49.31089,2.08992,0.28242,0,0:02:57,0:00:00,0:00:00,0:00:00,0:00:00,0:00:00,0:00:00,0:00:00,99.97741,0,0,0,0,0,0,0,0,0,0,0,0,0,0,0,0:02:34,0:00:18,0:00:03,0:00:00,0:00:00,0:00:00,0:00:00,0:00:00,87.26841,10.33665,2.03344,0.16945,0,0,0,0,0,0,0,0,0,0,0,0,0,0,0,0,0,0,0,0,0,0,0,0,0,0,0,0,0,0,0,0,0,3,0,0,1,0,0,6,1,1,2,0,2,0,0:00:00,0,0,0,0,0,0,0,0,1,0,0,2,1,0,2,0,0,0,1,2,0,4,0,0,0,0,0,0,0,0,0,0,1,0,0,0,0,0,2,0,0,0,0,0,0,1,0,52.15825,0.85048,0.20327,225.50296,1.40517,0:02:32,0:00:15,0:00:05,0:00:03,0:00:00,0:00:00,0:00:00,0:00:00,86.02576,8.64211,2.8807,1.75102,0.45188,0,0,0,0,0,0,0,0,0,0,0,2.6166,13.97207,26.44776,39.41463,47.41667,0,0,0
,,First Half,2,8/15/2021,Defender,9:13:34,10:00:11,1629033214,1629036011,0:46:37,0:46:37,0:00:00,5245.54396,513.80585,286.82759,134.28242,169.98848,194.74507,376.48013,22.9338,26.27381,50.79239,11.0213,0.10712,102.88704,191,0,161.45504,13.97908,35.39845,0,0,0,0,0,0,0,0,0,0,0,4.96351,1487.33598,2064.97153,1184.00047,377.53718,77.40595,0,0,0,28.35428,39.3662,22.57155,7.19729,1.47565,0,0,0,0:19:34,0:13:08,0:05:14,0:01:14,0:00:12,0:00:00,0:00:00,0:00:00,41.98544,28.20003,11.23997,2.65984,0.44331,0,0,0,0,218,111,33,7,0,0,0,0,9.45229,10.60197,11.3819,11.05831,0,0,0,0,3.61,2.81,2.24,1.77,0,0,0,0,0.37192,1.14488,1.56913,4.09558,0,0,0,0,0.4,0.4,0.4,0.7,0,0,0,0,37.43877,37.27136,30.52158,20.91322,0,0,0,0,12.8,9.9,5.8,3.3,0,0,0,0,0,0,0,0,0,0,0,0,0,0,0,0,0,0,0,0,0,0,0,0,0,0,0,0,0,0,0,0,0,0,0,0,0,0,0,0,0,0,0,0,0,0,0,0,0,0,0,0,0,0,0,0,0,0,0,0,0,0,0,0,0,0,0,0,0,0,0,0,0,0,0,0,0,0,0,0,0,0,0,0,0,0,0,0,0,0,0,0,0,0,0,0,0,0,0,0,0,0,0,0,0,0,0,0,1,20,631,627,35,3,0,0.89676,5.66492,37.53281,2258.7707,2834.21928,101.99038,7.2944,0,0.0171,0.10799,0.71552,43.06075,54.03099,1.94432,0.13906,0,0:00:00,0:00:02,0:00:24,0:22:27,0:23:14,0:00:25,0:00:01,0:00:00,0.00715,0.09653,0.88304,48.18101,49.84341,0.91521,0.05363,0,0:38:34,0:00:00,0:01:35,0:02:38,0:03:48,0:00:00,0:00:00,0:00:00,82.73391,0,3.41418,5.65216,8.1833,0,0,0,0,0,0,0,0,0,0,0,0:30:59,0:13:02,0:01:26,0:00:33,0:00:17,0:00:07,0:00:05,0:00:02,66.49244,27.9748,3.08527,1.20837,0.63636,0.26813,0.20735,0.09653,0,0,0,0,0,0,0,0,0,0,0,0,0,0,0,0,1,3,3,3,3.4,3.4,3.4,0,0,0,203,203,203,21,15,3,35,18,8,144,21,2,206,18,7,0,0:00:00,0,0,0,0,0,0,0,0,0,1,1,6,8,35,115,56,7,11,17,24,87,33,7,5,5,6,8,4,7,4,7,5,11,5,5,3,0,5,0,2,2,3,3,0,2,0,0,65.19399,23.10184,5.52147,5819.27496,1.21323,0:32:15,0:10:59,0:02:45,0:00:23,0:00:10,0:00:00,0:00:00,0:00:00,69.20591,23.59179,5.93102,0.85444,0.36466,0.0286,0,0,0,0,0,0,0,0,0,0,4.39485,13.87488,24.73278,38.79683,49.86719,61,0,0
,,Second Half,3,8/15/2021,Defender,10:17:42,10:58:48,1629037063,1629039529,0:40:10,0:40:10,0:00:56,4002.40814,403.26617,228.07632,93.81245,140.70436,148.95844,292.07452,24.18692,25.60579,50.20729,10.0392,0.11019,91.10973,0,0,0,15.90418,28.3943,0,0,0,0,0,0,0,0,0,0,0,6.36659,1208.89098,1342.09327,911.297,346.73008,153.3902,0,0,0,30.20409,33.53214,22.76872,8.66304,3.83245,0,0,0,0:16:13,0:08:31,0:04:00,0:01:07,0:00:23,0:00:00,0:00:00,0:00:00,40.40827,21.2103,9.97033,2.8048,0.95845,0,0,0,0,142,81,28,8,0,0,0,0,9.44415,11.24257,12.31402,19.17254,0,0,0,0,3.59352,2.9679,2.39714,2.89,0,0,0,0,0.56122,0.86827,1.5945,6.5211,0,0,0,0,0.4,0.4,0.4,1.1,0,0,0,0,39.65416,39.05502,36.29376,38.58404,0,0,0,0,13.5,9.9,6.8,5.8,0,0,0,0,0,0,0,0,0,0,0,0,0,0,0,0,0,0,0,0,0,0,0,0,0,0,0,0,0,0,0,0,0,0,0,0,0,0,0,0,0,0,0,0,0,0,0,0,0,0,0,0,0,0,0,0,0,0,0,0,0,0,0,0,0,0,0,0,0,0,0,0,0,0,0,0,0,0,0,0,0,0,0,0,0,0,0,0,0,0,0,0,0,0,0,0,0,0,0,0,0,0,0,0,0,0,0,1,4,18,456,470,20,0,0,2.69029,7.10849,30.64305,1599.7157,2310.22526,51.3014,0,0,0.06722,0.17761,0.76562,39.96883,57.72088,1.28176,0,0,0:00:01,0:00:04,0:00:19,0:16:55,0:22:34,0:00:13,0:00:00,0:00:00,0.04149,0.18671,0.80908,42.11771,56.21641,0.54768,0,0,0:40:10,0:00:00,0:00:00,0:00:00,0:00:00,0:00:00,0:00:00,0:00:00,99.99378,0,0,0,0,0,0,0,0,0,0,0,0,0,0,0,0:28:27,0:08:54,0:01:21,0:00:38,0:00:15,0:00:11,0:00:08,0:00:07,70.84206,22.1563,3.38568,1.57667,0.64311,0.4647,0.35682,0.29044,0,0,0,0,0,0,0,0,0,0,0,0,0,0,0,0,3,3,4.33333,6,1.2,1.45,1.7,0,1.61538,17,100,185,310,8,4,6,21,8,7,107,14,0,146,9,1,0,0:00:00,0,0,0,0,0,0,0,0,0,0,1,2,4,17,106,23,4,6,11,15,69,23,2,0,3,3,5,1,2,5,1,4,6,4,1,1,4,1,0,0,2,1,4,0,0,0,1,63.44585,17.67071,4.2234,4441.36012,1.21355,0:29:28,0:07:50,0:02:18,0:00:25,0:00:05,0:00:00,0:00:00,0:00:00,73.38963,19.51331,5.72578,1.07462,0.2448,0.0083,0,0,0,0,0,0,0,0,0,0,3.64476,14.04991,24.71709,38.51899,48.56579,61.6,0,0
,,Extra Ten,4,8/15/2021,Defender,11:06:16,11:19:07,1629039976,1629040747,0:12:51,0:12:51,0:00:00,1535.71636,153.42451,88.90625,37.22324,53.41272,59.62927,108.65295,24.09289,26.89699,49.01012,11.93655,0.10926,109.25252,0,0,0,15.1027,10.31516,0,0,0,0,0,0,0,0,0,0,0,6.04075,432.06473,661.15485,268.42738,126.03893,33.02712,0,0,0,28.13441,43.05189,17.47897,8.20718,2.1506,0,0,0,0:05:39,0:04:17,0:01:11,0:00:25,0:00:05,0:00:00,0:00:00,0:00:00,44.04824,33.41546,9.23236,3.2417,0.66131,0,0,0,0,66,27,13,3,0,0,0,0,10.01747,9.94192,9.59467,11.00947,0,0,0,0,3.9,2.64,1.9,1.7,0,0,0,0,0.76574,1.06585,1.71091,3.53075,0,0,0,0,0.6,0.4,0.4,0.6,0,0,0,0,40.30243,23.27453,18.47074,18.91075,0,0,0,0,14.9,6.2,3.7,2.8,0,0,0,0,0,0,0,0,0,0,0,0,0,0,0,0,0,0,0,0,0,0,0,0,0,0,0,0,0,0,0,0,0,0,0,0,0,0,0,0,0,0,0,0,0,0,0,0,0,0,0,0,0,0,0,0,0,0,0,0,0,0,0,0,0,0,0,0,0,0,0,0,0,0,0,0,0,0,0,0,0,0,0,0,0,0,0,0,0,0,0,0,0,0,0,0,0,0,0,0,0,0,0,0,0,0,0,0,4,7,179,187,13,1,0,0,4.95407,14.41382,621.70821,853.93704,36.472,3.48863,0,0,0.32259,0.93857,40.48327,55.60513,2.37492,0.22717,0,0:00:00,0:00:02,0:00:09,0:06:13,0:06:15,0:00:08,0:00:00,0:00:00,0.02593,0.33714,1.16701,48.45695,48.72925,1.12811,0.09077,0,0:12:51,0:00:00,0:00:00,0:00:00,0:00:00,0:00:00,0:00:00,0:00:00,99.97407,0,0,0,0,0,0,0,0,0,0,0,0,0,0,0,0:08:27,0:03:28,0:00:26,0:00:13,0:00:06,0:00:03,0:00:02,0:00:02,65.76764,27.02282,3.44917,1.68568,0.81691,0.45384,0.3112,0.2723,0,0,0,0,0,0,0,0,0,0,0,0,0,0,0,0,2,3,3.5,4,0.7,0.7,0.7,0,1.85714,12,55,231.5,408,4,5,2,7,4,2,52,4,0,67,5,1,0,0:00:00,0,0,0,0,0,0,0,0,0,1,0,2,0,11,40,16,1,4,2,5,35,12,2,1,4,3,2,0,2,0,2,2,1,1,0,1,1,1,0,0,2,0,0,0,0,0,0,61.9895,6.88723,1.64609,1732.33767,1.23363,0:08:46,0:03:06,0:00:44,0:00:08,0:00:05,0:00:00,0:00:00,0:00:00,68.20539,24.15716,5.74429,1.08921,0.64834,0.06483,0,0,0,0,0,0,0,0,0,0,4.96494,13.9859,24.53435,39.39286,50.11475,60.85714,0,0
